agency_cd,site_no,parameter_cd,ts_id,year_nu,month_nu,mean_va,streamflow_12_month,streamflow_24_month,SSI_12,Drought Classification
USGS,9114500,60,18859,1910,10,275.0,,,,
USGS,9114500,60,18859,1910,11,225.0,,,,
USGS,9114500,60,18859,1910,12,190.0,,,,
USGS,9114500,60,18859,1911,1,215.0,,,,
USGS,9114500,60,18859,1911,2,175.0,,,,
USGS,9114500,60,18859,1911,3,275.0,,,,
USGS,9114500,60,18859,1911,4,522.0,,,,
USGS,9114500,60,18859,1911,5,2500.0,,,,
USGS,9114500,60,18859,1911,6,3900.0,,,,
USGS,9114500,60,18859,1911,7,1847.0,,,,
USGS,9114500,60,18859,1911,8,725.0,,,,
USGS,9114500,60,18859,1911,9,444.0,11293.0,,0.9268155519982737,Near normal
USGS,9114500,60,18859,1911,10,796.1,11814.1,,1.0793657198346807,Moderately wet
USGS,9114500,60,18859,1911,11,277.5,11866.6,,1.094507073754158,Moderately wet
USGS,9114500,60,18859,1911,12,285.0,11961.6,,1.1218029152594542,Moderately wet
USGS,9114500,60,18859,1912,1,255.3,12001.9,,1.1333424351218881,Moderately wet
USGS,9114500,60,18859,1912,2,234.0,12060.9,,1.1501942745064522,Moderately wet
USGS,9114500,60,18859,1912,3,272.7,12058.6,,1.1495382746960825,Moderately wet
USGS,9114500,60,18859,1912,4,422.9,11959.5,,1.1212009553398,Moderately wet
USGS,9114500,60,18859,1912,5,2755.0,12214.5,,1.1938333462490525,Moderately wet
USGS,9114500,60,18859,1912,6,4301.0,12615.5,,1.3062173322824653,Moderately wet
USGS,9114500,60,18859,1912,7,1818.0,12586.5,,1.2981629879683858,Moderately wet
USGS,9114500,60,18859,1912,8,679.5,12541.0,,1.2855033298672864,Moderately wet
USGS,9114500,60,18859,1912,9,428.0,12525.0,23818.0,1.2810449756734057,Moderately wet
USGS,9114500,60,18859,1912,10,340.3,12069.199999999999,23883.3,1.1525609484001946,Moderately wet
USGS,9114500,60,18859,1912,11,223.0,12014.699999999999,23881.3,1.1370026815125904,Moderately wet
USGS,9114500,60,18859,1912,12,215.0,11944.699999999999,23906.3,1.1169567546563468,Moderately wet
USGS,9114500,60,18859,1913,1,205.0,11894.4,23896.3,1.1025083543957455,Moderately wet
USGS,9114500,60,18859,1913,2,198.0,11858.4,23919.3,1.0921448159055023,Moderately wet
USGS,9114500,60,18859,1913,3,208.0,11793.699999999999,23852.3,1.0734712288051338,Moderately wet
USGS,9114500,60,18859,1913,4,700.0,12070.8,24030.3,1.153017061370352,Moderately wet
USGS,9114500,60,18859,1913,5,2105.0,11420.8,23635.3,0.964616751191863,Near normal
USGS,9114500,60,18859,1913,6,2251.0,9370.8,21986.3,0.32387568254926263,Near normal
USGS,9114500,60,18859,1913,7,931.6,8484.4,21070.9,0.020419103435374373,Near normal
USGS,9114500,60,18859,1913,8,438.6,8243.5,20784.5,-0.06534012983215338,
USGS,9114500,60,18859,1913,9,398.1,8213.6,20738.6,-0.07608957414366223,
USGS,9114500,60,18859,1913,10,390.7,8264.0,20333.2,-0.057983720631271475,
USGS,9114500,60,18859,1913,11,319.9,8360.9,20375.600000000002,-0.023359695336197535,
USGS,9114500,60,18859,1913,12,240.0,8385.9,20330.600000000002,-0.014466182111830369,
USGS,9114500,60,18859,1914,1,230.0,8410.9,20305.3,-0.005588685759136695,
USGS,9114500,60,18859,1914,2,220.0,8432.9,20291.3,0.0022103217584298392,Near normal
USGS,9114500,60,18859,1914,3,310.0,8534.9,20328.600000000002,0.03820952032184471,Near normal
USGS,9114500,60,18859,1914,4,504.6,8339.5,20410.3,-0.030985323375066355,
USGS,9114500,60,18859,1914,5,3605.0,9839.5,21260.3,0.477335075765305,Near normal
USGS,9114500,60,18859,1914,6,4478.0,12066.5,21437.3,1.1517911747234835,Moderately wet
USGS,9114500,60,18859,1914,7,2095.0,13229.9,21714.3,1.4742902119471115,Moderately wet
USGS,9114500,60,18859,1914,8,1055.0,13846.3,22089.8,1.6382301102806036,Very wet
USGS,9114500,60,18859,1914,9,509.3,13957.5,22171.1,1.667332550641302,Very wet
USGS,9114500,60,18859,1914,10,586.5,14153.3,22417.3,1.7182372274354272,Very wet
USGS,9114500,60,18859,1914,11,491.0,14324.4,22685.3,1.7623730954752148,Very wet
USGS,9114500,60,18859,1914,12,240.0,14324.4,22710.3,1.7623730954752148,Very wet
USGS,9114500,60,18859,1915,1,230.0,14324.4,22735.3,1.7623730954752148,Very wet
USGS,9114500,60,18859,1915,2,220.0,14324.4,22757.3,1.7623730954752148,Very wet
USGS,9114500,60,18859,1915,3,300.0,14314.4,22849.3,1.7598023490260886,Very wet
USGS,9114500,60,18859,1915,4,640.0,14449.8,22789.3,1.7945186477394621,Very wet
USGS,9114500,60,18859,1915,5,1220.0,12064.8,21904.3,1.15130644889411,Moderately wet
USGS,9114500,60,18859,1915,6,2270.0,9856.8,21923.300000000003,0.48291373090808476,Near normal
USGS,9114500,60,18859,1915,7,1010.0,8771.8,22001.699999999997,0.12082719576578405,Near normal
USGS,9114500,60,18859,1915,8,550.0,8266.8,22113.1,-0.056979799324569216,
USGS,9114500,60,18859,1915,9,430.0,8187.5,22145.0,-0.08549221783482108,
USGS,9114500,60,18859,1915,10,340.0,7941.0,22094.300000000003,-0.17520219232096806,
USGS,9114500,60,18859,1915,11,275.0,7725.0,22049.4,-0.2552050660250102,
USGS,9114500,60,18859,1915,12,200.0,7685.0,22009.4,-0.27016804176472575,
USGS,9114500,60,18859,1916,1,175.0,7630.0,21954.4,-0.29081906296402266,
USGS,9114500,60,18859,1916,2,160.0,7570.0,21894.4,-0.3134501269554377,
USGS,9114500,60,18859,1916,3,390.0,7660.0,21974.4,-0.2795437779216579,
USGS,9114500,60,18859,1916,4,915.0,7935.0,22384.800000000003,-0.17740663202644008,
USGS,9114500,60,18859,1916,5,2655.0,9370.0,21434.800000000003,0.3236098208957727,Near normal
USGS,9114500,60,18859,1916,6,3819.0,10919.0,20775.800000000003,0.8146802016140913,Near normal
USGS,9114500,60,18859,1916,7,1926.0,11835.0,20606.800000000003,1.0853982937186009,Moderately wet
USGS,9114500,60,18859,1916,8,975.2,12260.2,20527.0,1.2067529059598985,Moderately wet
USGS,9114500,60,18859,1916,9,535.0,12365.2,20552.7,1.236326745548149,Moderately wet
USGS,9114500,60,18859,1916,10,600.0,12625.2,20566.2,1.3089088701341072,Moderately wet
USGS,9114500,60,18859,1916,11,340.0,12690.2,20415.2,1.326912736260513,Moderately wet
USGS,9114500,60,18859,1916,12,250.0,12740.2,20425.2,1.3407239194330074,Moderately wet
USGS,9114500,60,18859,1917,1,190.0,12755.2,20385.2,1.3448608757379639,Moderately wet
USGS,9114500,60,18859,1917,2,220.0,12815.2,20385.2,1.361379324511826,Moderately wet
USGS,9114500,60,18859,1917,3,235.0,12660.2,20320.2,1.3186102122047012,Moderately wet
USGS,9114500,60,18859,1917,4,549.7,12294.9,20229.9,1.2165432617771985,Moderately wet
USGS,9114500,60,18859,1917,5,1517.0,11156.9,20526.9,0.8862732630879803,Near normal
USGS,9114500,60,18859,1917,6,4192.0,11529.9,22448.9,0.9966845267516037,
USGS,9114500,60,18859,1917,7,2678.0,12281.9,24116.9,1.212877367323014,Moderately wet
USGS,9114500,60,18859,1917,8,901.5,12208.199999999999,24468.4,1.1920500186853271,Moderately wet
USGS,9114500,60,18859,1917,9,411.5,12084.699999999999,24449.9,1.1569780030603725,Moderately wet
USGS,9114500,60,18859,1917,10,337.9,11822.599999999999,24447.800000000003,1.0818199382138343,Moderately wet
USGS,9114500,60,18859,1917,11,306.8,11789.4,24479.600000000002,1.0722279746613868,Moderately wet
USGS,9114500,60,18859,1917,12,200.3,11739.699999999999,24479.899999999998,1.0578382928120125,Moderately wet
USGS,9114500,60,18859,1918,1,191.3,11740.999999999998,24496.2,1.0582151523578247,Moderately wet
USGS,9114500,60,18859,1918,2,256.2,11777.199999999999,24592.399999999998,1.06869910662113,Moderately wet
USGS,9114500,60,18859,1918,3,299.4,11841.599999999999,24501.800000000003,1.0873019763495575,Moderately wet
USGS,9114500,60,18859,1918,4,517.7,11809.6,24104.5,1.0780659947511144,Moderately wet
USGS,9114500,60,18859,1918,5,2720.0,13012.6,24169.5,1.4153970944566607,Moderately wet
USGS,9114500,60,18859,1918,6,6074.0,14894.6,26424.5,1.907201349259395,Very wet
USGS,9114500,60,18859,1918,7,1565.0,13781.6,26063.5,1.621232258339254,Very wet
USGS,9114500,60,18859,1918,8,552.8,13432.9,25641.100000000002,1.5287813818484515,Very wet
USGS,9114500,60,18859,1918,9,612.9,13634.300000000001,25719.0,1.5823531447090988,Very wet
USGS,9114500,60,18859,1918,10,344.8,13641.2,25463.8,1.5841800189658066,Very wet
USGS,9114500,60,18859,1918,11,286.6,13621.0,25410.4,1.578830200686407,Very wet
USGS,9114500,60,18859,1918,12,208.5,13629.2,25368.9,1.5810024870662662,Very wet
USGS,9114500,60,18859,1919,1,143.9,13581.800000000001,25322.8,1.568434672611124,Very wet
USGS,9114500,60,18859,1919,2,158.3,13483.9,25261.100000000002,1.542392889632453,Very wet
USGS,9114500,60,18859,1919,3,235.8,13420.300000000001,25261.9,1.525413726477081,Very wet
USGS,9114500,60,18859,1919,4,587.4,13490.0,25299.6,1.5440188469203977,Very wet
USGS,9114500,60,18859,1919,5,1971.0,12741.0,25753.6,1.3409446314946325,Moderately wet
USGS,9114500,60,18859,1919,6,1334.0,8001.0,22895.6,-0.15321290918168234,
USGS,9114500,60,18859,1919,7,747.3,7183.3,20964.9,-0.4619698835574111,
USGS,9114500,60,18859,1919,8,533.7,7164.2,20597.1,-0.4694290898129266,
USGS,9114500,60,18859,1919,9,346.8,6898.1,20532.4,-0.5746195270026461,
USGS,9114500,60,18859,1919,10,297.9,6851.2,20492.399999999998,-0.5934109301163442,
USGS,9114500,60,18859,1919,11,301.7,6866.299999999999,20487.3,-0.5873524033893287,
USGS,9114500,60,18859,1919,12,249.9,6907.7,20536.9,-0.5707825760381954,
USGS,9114500,60,18859,1920,1,225.0,6988.8,20570.600000000002,-0.5384955321508536,
USGS,9114500,60,18859,1920,2,235.0,7065.5,20549.4,-0.5081668826932171,
USGS,9114500,60,18859,1920,3,295.8,7125.5,20545.8,-0.4845795555371451,
USGS,9114500,60,18859,1920,4,352.5,6890.6,20380.600000000002,-0.5776193790956898,
USGS,9114500,60,18859,1920,5,3438.0,8357.6,21098.600000000002,-0.02453483976088101,
USGS,9114500,60,18859,1920,6,5217.0,12240.6,20241.6,1.2012154904954158,Moderately wet
USGS,9114500,60,18859,1920,7,2106.0,13599.300000000001,20782.6,1.5730777718106306,Very wet
USGS,9114500,60,18859,1920,8,838.4,13904.0,21068.2,1.6533484864258587,Very wet
USGS,9114500,60,18859,1920,9,430.5,13987.7,20885.8,1.6752120590904922,Very wet
USGS,9114500,60,18859,1920,10,344.3,14034.1,20885.3,1.687298317975621,Very wet
USGS,9114500,60,18859,1920,11,314.9,14047.300000000001,20913.600000000002,1.6907322373709408,Very wet
USGS,9114500,60,18859,1920,12,226.9,14024.300000000001,20932.0,1.6847476304406512,Very wet
USGS,9114500,60,18859,1921,1,233.4,14032.7,21021.5,1.6869339999502315,Very wet
USGS,9114500,60,18859,1921,2,212.9,14010.6,21076.100000000002,1.6811800674886677,Very wet
USGS,9114500,60,18859,1921,3,269.0,13983.8,21109.300000000003,1.6741950851340324,Very wet
USGS,9114500,60,18859,1921,4,421.5,14052.8,20943.4,1.692162461659448,Very wet
USGS,9114500,60,18859,1921,5,2044.0,12658.8,21016.4,1.3182224704158796,Moderately wet
USGS,9114500,60,18859,1921,6,4133.0,11574.8,23815.4,1.0098285883795273,Moderately wet
USGS,9114500,60,18859,1921,7,1498.0,10966.8,24566.100000000002,0.8291403398197088,Near normal
USGS,9114500,60,18859,1921,8,783.9,10912.300000000001,24816.3,0.8126502991881369,Near normal
USGS,9114500,60,18859,1921,9,518.3,11000.1,24987.800000000003,0.839191478029995,Near normal
USGS,9114500,60,18859,1921,10,331.8,10987.599999999999,25021.7,0.8354206925652156,Near normal
USGS,9114500,60,18859,1921,11,282.8,10955.5,25002.8,0.8257253913608125,Near normal
USGS,9114500,60,18859,1921,12,238.4,10967.0,24991.300000000003,0.8292007621784101,Near normal
USGS,9114500,60,18859,1922,1,268.1,11001.7,25034.4,0.8396739510933198,Near normal
USGS,9114500,60,18859,1922,2,303.8,11092.6,25103.2,0.8670149343423618,Near normal
USGS,9114500,60,18859,1922,3,249.8,11073.400000000001,25057.2,0.8612512824837693,Near normal
USGS,9114500,60,18859,1922,4,494.0,11145.900000000001,25198.7,0.8829834584405828,Near normal
USGS,9114500,60,18859,1922,5,2761.0,11862.900000000001,24521.7,1.0934412993681086,Moderately wet
USGS,9114500,60,18859,1922,6,3023.0,10752.9,22327.699999999997,0.7641323546653476,Near normal
USGS,9114500,60,18859,1922,7,888.7,10143.6,21110.399999999998,0.5745453457978613,Near normal
USGS,9114500,60,18859,1922,8,508.4,9868.1,20780.4,0.48655439014083884,Near normal
USGS,9114500,60,18859,1922,9,287.3,9637.099999999999,20637.2,0.4116218443127312,Near normal
USGS,9114500,60,18859,1922,10,188.5,9493.8,20481.4,0.3645895110626698,Near normal
USGS,9114500,60,18859,1922,11,213.7,9424.7,20380.2,0.34175654468307765,Near normal
USGS,9114500,60,18859,1922,12,171.6,9357.9,20324.9,0.3195869858446296,Near normal
USGS,9114500,60,18859,1923,1,169.4,9259.2,20260.9,0.2866543384237762,Near normal
USGS,9114500,60,18859,1923,2,175.9,9131.3,20223.899999999998,0.243660907465125,Near normal
USGS,9114500,60,18859,1923,3,202.5,9084.0,20157.399999999998,0.22766875542543624,Near normal
USGS,9114500,60,18859,1923,4,468.2,9058.2,20204.1,0.21892450753498663,Near normal
USGS,9114500,60,18859,1923,5,2851.0,9148.2,21011.1,0.2493626411414264,Near normal
USGS,9114500,60,18859,1923,6,3882.0,10007.2,20760.1,0.5311645107162639,Near normal
USGS,9114500,60,18859,1923,7,2174.0,11292.5,21436.1,0.9266671523138641,Near normal
USGS,9114500,60,18859,1923,8,1055.0,11839.1,21707.2,1.0865809600723604,Moderately wet
USGS,9114500,60,18859,1923,9,608.2,12160.000000000002,21797.1,1.1783876699238625,Moderately wet
USGS,9114500,60,18859,1923,10,513.9,12485.400000000001,21979.2,1.2699957026459565,Moderately wet
USGS,9114500,60,18859,1923,11,329.8,12601.5,22026.2,1.3023304289084179,Moderately wet
USGS,9114500,60,18859,1923,12,230.8,12660.7,22018.6,1.318748685125644,Moderately wet
USGS,9114500,60,18859,1924,1,230.0,12721.300000000001,21980.5,1.3355071552361686,Moderately wet
USGS,9114500,60,18859,1924,2,225.0,12770.400000000001,21901.7,1.3490499891298753,Moderately wet
USGS,9114500,60,18859,1924,3,222.7,12790.6,21874.600000000002,1.3546124333517482,Moderately wet
USGS,9114500,60,18859,1924,4,879.7,13202.1,22260.300000000003,1.4667886003631752,Moderately wet
USGS,9114500,60,18859,1924,5,2258.0,12609.1,21757.300000000003,1.304440786301714,Moderately wet
USGS,9114500,60,18859,1924,6,2716.0,11443.1,21450.300000000003,0.971186433721291,Near normal
USGS,9114500,60,18859,1924,7,789.8,10058.9,21351.4,0.5476491617412336,Near normal
USGS,9114500,60,18859,1924,8,328.8,9332.7,21171.8,0.31119872611781035,Near normal
USGS,9114500,60,18859,1924,9,220.7,8945.199999999999,21105.2,0.18044734572279864,Near normal
USGS,9114500,60,18859,1924,10,328.4,8759.7,21245.100000000002,0.11664033017815985,Near normal
USGS,9114500,60,18859,1924,11,324.3,8754.2,21355.7,0.11473605252168927,Near normal
USGS,9114500,60,18859,1924,12,226.7,8750.1,21410.800000000003,0.11331602904600008,Near normal
USGS,9114500,60,18859,1925,1,208.7,8728.8,21450.1,0.10593234712897608,Near normal
USGS,9114500,60,18859,1925,2,187.1,8690.9,21461.300000000003,0.09276724133380838,Near normal
USGS,9114500,60,18859,1925,3,278.7,8746.900000000001,21537.500000000004,0.1122074382630822,Near normal
USGS,9114500,60,18859,1925,4,894.7,8761.9,21964.0,0.11740183865595294,Near normal
USGS,9114500,60,18859,1925,5,1715.0,8218.9,20828.0,-0.07418243168365532,
USGS,9114500,60,18859,1925,6,1569.0,7071.9,18515.0,-0.5056451721944238,
USGS,9114500,60,18859,1925,7,817.6,7099.7,17158.600000000002,-0.49470740048548373,
USGS,9114500,60,18859,1925,8,576.5,7347.4,16680.100000000002,-0.39836972350481425,
USGS,9114500,60,18859,1925,9,451.2,7577.9,16523.100000000002,-0.3104642001214589,
USGS,9114500,60,18859,1925,10,384.9,7634.400000000001,16394.100000000002,-0.2891636828837776,
USGS,9114500,60,18859,1925,11,288.9,7599.0,16353.2,-0.30249832223742357,
USGS,9114500,60,18859,1925,12,207.1,7579.400000000001,16329.5,-0.30989746409872326,
USGS,9114500,60,18859,1926,1,165.6,7536.3,16265.1,-0.3262087142805615,
USGS,9114500,60,18859,1926,2,194.2,7543.4,16234.300000000001,-0.32351784689586705,
USGS,9114500,60,18859,1926,3,208.5,7473.2,16220.1,-0.3501907732136184,
USGS,9114500,60,18859,1926,4,685.1,7263.6,16025.5,-0.43073992868242167,
USGS,9114500,60,18859,1926,5,1750.0,7298.6,15517.5,-0.417192936674706,
USGS,9114500,60,18859,1926,6,2201.0,7930.6,15002.5,-0.1790238609874188,
USGS,9114500,60,18859,1926,7,865.2,7978.2,15077.9,-0.16155706604907405,
USGS,9114500,60,18859,1926,8,448.4,7850.1,15197.5,-0.20870794324734945,
USGS,9114500,60,18859,1926,9,306.1,7705.0,15282.9,-0.2626806946807977,
USGS,9114500,60,18859,1926,10,312.5,7632.599999999999,15267.0,-0.2898408142424866,
USGS,9114500,60,18859,1926,11,291.0,7634.7,15233.7,-0.2890508370212703,
USGS,9114500,60,18859,1926,12,237.3,7664.9,15244.300000000001,-0.27770468055980224,
USGS,9114500,60,18859,1927,1,222.6,7721.900000000001,15258.199999999999,-0.2563630229832075,
USGS,9114500,60,18859,1927,2,209.8,7737.5,15280.900000000001,-0.25053872764516893,
USGS,9114500,60,18859,1927,3,212.7,7741.700000000001,15214.9,-0.24897185914551487,
USGS,9114500,60,18859,1927,4,620.9,7677.5,14941.099999999999,-0.27297882787977856,
USGS,9114500,60,18859,1927,5,3142.0,9069.5,16368.099999999999,0.22275620588285736,Near normal
USGS,9114500,60,18859,1927,6,3195.0,10063.5,17994.1,0.5491133917150834,Near normal
USGS,9114500,60,18859,1927,7,1571.0,10769.3,18747.5,0.7691441916586913,Near normal
USGS,9114500,60,18859,1927,8,835.8,11156.699999999999,19006.8,0.8862134660036968,Near normal
USGS,9114500,60,18859,1927,9,664.4,11515.0,19220.0,0.9923158379572141,
USGS,9114500,60,18859,1927,10,502.7,11705.199999999999,19337.8,1.0478277689557813,Moderately wet
USGS,9114500,60,18859,1927,11,385.7,11799.9,19434.600000000002,1.0752633445593194,Moderately wet
USGS,9114500,60,18859,1927,12,237.8,11800.4,19465.3,1.0754078451684557,Moderately wet
USGS,9114500,60,18859,1928,1,255.5,11833.3,19555.2,1.0849078470862559,Moderately wet
USGS,9114500,60,18859,1928,2,281.8,11905.300000000001,19642.8,1.1056424559237477,Moderately wet
USGS,9114500,60,18859,1928,3,276.1,11968.699999999999,19710.399999999998,1.1238376392110083,Moderately wet
USGS,9114500,60,18859,1928,4,596.2,11944.0,19621.5,1.1167559365746118,Moderately wet
USGS,9114500,60,18859,1928,5,3019.0,11821.0,20890.5,1.0813580493679664,Moderately wet
USGS,9114500,60,18859,1928,6,2425.0,11051.0,21114.5,0.8545193634870506,Near normal
USGS,9114500,60,18859,1928,7,1043.0,10523.0,21292.3,0.693381880581919,Near normal
USGS,9114500,60,18859,1928,8,448.5,10135.7,21292.399999999998,0.5720424969002543,Near normal
USGS,9114500,60,18859,1944,10,216.0,9687.3,21202.3,0.4279976622726367,Near normal
USGS,9114500,60,18859,1944,11,176.0,9360.6,21065.8,0.32048491617664504,Near normal
USGS,9114500,60,18859,1944,12,138.0,9112.9,20912.8,0.23744583295354058,Near normal
USGS,9114500,60,18859,1945,1,119.0,8994.1,20794.5,0.197133986455552,Near normal
USGS,9114500,60,18859,1945,2,143.0,8881.6,20714.899999999998,0.1586616572278033,Near normal
USGS,9114500,60,18859,1945,3,159.0,8758.8,20664.1,0.1163287706264808,Near normal
USGS,9114500,60,18859,1945,4,234.0,8716.7,20685.399999999998,0.10173300452040575,Near normal
USGS,9114500,60,18859,1945,5,1480.0,9600.5,21544.5,0.3996499042250373,Near normal
USGS,9114500,60,18859,1945,6,1724.0,8305.5,20126.5,-0.04312517526600991,
USGS,9114500,60,18859,1945,7,1175.0,7055.5,18106.5,-0.5121098083758372,
USGS,9114500,60,18859,1945,8,815.8,6828.3,17351.3,-0.6026143598655779,
USGS,9114500,60,18859,1945,9,703.5,7083.3,17219.0,-0.5011567747593304,
USGS,9114500,60,18859,1945,10,287.1,7154.4,16841.7,-0.4732609743742027,
USGS,9114500,60,18859,1945,11,221.0,7199.4,16560.0,-0.4556915502619578,
USGS,9114500,60,18859,1945,12,188.9,7250.3,16363.2,-0.4358980934606718,
USGS,9114500,60,18859,1946,1,155.0,7286.3,16280.4,-0.4219492680875387,
USGS,9114500,60,18859,1946,2,159.8,7303.1,16184.699999999999,-0.41545402194695974,
USGS,9114500,60,18859,1946,3,167.9,7312.0,16070.8,-0.41201673484316353,
USGS,9114500,60,18859,1946,4,632.3,7710.3,16427.0,-0.26069851382536613,
USGS,9114500,60,18859,1946,5,940.2,7170.5,16771.0,-0.4669674015427879,
USGS,9114500,60,18859,1946,6,2067.0,7513.5,15819.0,-0.3348601607632906,
USGS,9114500,60,18859,1946,7,625.7,6964.2,14019.699999999999,-0.5482652205030168,
USGS,9114500,60,18859,1946,8,578.6,6727.0,13555.300000000001,-0.6435505310392237,
USGS,9114500,60,18859,1946,9,565.3,6588.8,13672.099999999999,-0.6999997894574381,
USGS,9114500,60,18859,1946,10,247.3,6549.0,13703.4,-0.7163880867408146,
USGS,9114500,60,18859,1946,11,204.9,6532.900000000001,13732.300000000001,-0.7230344934148396,
USGS,9114500,60,18859,1946,12,165.1,6509.099999999999,13759.4,-0.7328776352013191,
USGS,9114500,60,18859,1947,1,154.0,6508.099999999999,13794.400000000001,-0.7332916846922675,
USGS,9114500,60,18859,1947,2,146.8,6495.099999999999,13798.2,-0.7386778031404714,
USGS,9114500,60,18859,1947,3,184.6,6511.8,13823.800000000001,-0.7317598920692026,
USGS,9114500,60,18859,1947,4,538.2,6417.7,14128.0,-0.770880501789597,
USGS,9114500,60,18859,1947,5,2064.0,7541.5,14712.0,-0.3242377884422526,
USGS,9114500,60,18859,1947,6,2607.0,8081.5,15595.0,-0.12386652262566032,
USGS,9114500,60,18859,1947,7,1556.0,9011.8,15976.0,0.20316039633883,Near normal
USGS,9114500,60,18859,1947,8,634.2,9067.4,15794.4,0.22204433909413107,Near normal
USGS,9114500,60,18859,1947,9,483.5,8985.6,15574.4,0.19423739600022347,Near normal
USGS,9114500,60,18859,1947,10,469.5,9207.8,15756.8,0.26941977913567283,Near normal
USGS,9114500,60,18859,1947,11,369.3,9372.2,15905.1,0.3243409073681377,Near normal
USGS,9114500,60,18859,1947,12,291.7,9498.8,16007.9,0.36623776853564977,Near normal
USGS,9114500,60,18859,1948,1,252.1,9596.9,16105.0,0.3984708439010791,Near normal
USGS,9114500,60,18859,1948,2,264.3,9714.4,16209.5,0.43681663339843296,Near normal
USGS,9114500,60,18859,1948,3,263.1,9792.9,16304.699999999999,0.4622785526639693,Near normal
USGS,9114500,60,18859,1948,4,693.2,9947.9,16365.6,0.5121929201053206,Near normal
USGS,9114500,60,18859,1948,5,3018.0,10901.9,18443.4,0.8094979093463895,Near normal
USGS,9114500,60,18859,1948,6,3144.0,11438.9,19520.4,0.9699496876500591,Near normal
USGS,9114500,60,18859,1948,7,916.6,10799.5,19811.3,0.778361220123304,Near normal
USGS,9114500,60,18859,1948,8,660.7,10826.0,19893.4,0.7864361529411992,Near normal
USGS,9114500,60,18859,1948,9,781.4,11123.9,20109.5,0.8763979425279513,Near normal
USGS,9114500,60,18859,1948,10,250.3,10904.699999999999,20112.5,0.8103468088855068,Near normal
USGS,9114500,60,18859,1948,11,238.0,10773.4,20145.600000000002,0.770396428152511,Near normal
USGS,9114500,60,18859,1948,12,186.9,10668.599999999999,20167.399999999998,0.7382969092756392,Near normal
USGS,9114500,60,18859,1949,1,165.8,10582.300000000001,20179.2,0.7117200575608641,Near normal
USGS,9114500,60,18859,1949,2,149.1,10467.1,20181.5,0.6760377055944518,Near normal
USGS,9114500,60,18859,1949,3,174.9,10378.9,20171.800000000003,0.6485572368778961,Near normal
USGS,9114500,60,18859,1949,4,764.8,10450.5,20398.4,0.6708763943559316,Near normal
USGS,9114500,60,18859,1949,5,1338.0,8770.5,19672.4,0.12037753486964764,Near normal
USGS,9114500,60,18859,1949,6,2874.0,8500.5,19939.4,0.026097837342331322,Near normal
USGS,9114500,60,18859,1949,7,1466.0,9049.9,19849.4,0.2161082304494909,Near normal
USGS,9114500,60,18859,1949,8,693.2,9082.4,19908.4,0.22712691412606403,Near normal
USGS,9114500,60,18859,1949,9,624.1,8925.1,20049.0,0.17357240804184662,Near normal
USGS,9114500,60,18859,1949,10,304.8,8979.6,19884.3,0.19219174512778212,Near normal
USGS,9114500,60,18859,1949,11,256.7,8998.300000000001,19771.7,0.19856463123211088,Near normal
USGS,9114500,60,18859,1949,12,183.8,8995.2,19663.8,0.1975087182176177,Near normal
USGS,9114500,60,18859,1950,1,202.6,9032.0,19614.300000000003,0.2100292456004534,Near normal
USGS,9114500,60,18859,1950,2,187.1,9070.0,19537.1,0.2229256832667157,Near normal
USGS,9114500,60,18859,1950,3,180.6,9075.699999999999,19454.6,0.22485732578672737,Near normal
USGS,9114500,60,18859,1950,4,761.4,9072.300000000001,19522.8,0.2237052063887607,Near normal
USGS,9114500,60,18859,1950,5,1390.0,9124.300000000001,17894.8,0.24129737135395388,Near normal
USGS,9114500,60,18859,1950,6,1991.0,8241.300000000001,16741.8,-0.06613025486824742,
USGS,9114500,60,18859,1950,7,803.8,7579.1,16629.0,-0.3100108058910979,
USGS,9114500,60,18859,1950,8,853.4,7739.3,16821.7,-0.2498671497383533,
USGS,9114500,60,18859,1950,9,655.5,7770.700000000001,16695.8,-0.2381669796301812,
USGS,9114500,60,18859,1950,10,220.7,7686.6,16666.2,-0.2695686216296841,
USGS,9114500,60,18859,1950,11,181.6,7611.5,16609.800000000003,-0.2977854918244888,
USGS,9114500,60,18859,1950,12,160.8,7588.5,16583.7,-0.30646071477968734,
USGS,9114500,60,18859,1951,1,159.4,7545.3,16577.3,-0.32279801469589053,
USGS,9114500,60,18859,1951,2,159.8,7518.0,16588.0,-0.3331513858180131,
USGS,9114500,60,18859,1951,3,186.0,7523.4,16599.100000000002,-0.3311016697862915,
USGS,9114500,60,18859,1951,4,445.2,7207.200000000001,16279.5,-0.45265291303640165,
USGS,9114500,60,18859,1951,5,1293.0,7110.200000000001,16234.5,-0.49058293445859247,
USGS,9114500,60,18859,1951,6,2001.0,7120.200000000001,15361.5,-0.48665827829048935,
USGS,9114500,60,18859,1951,7,1084.0,7400.4,14979.5,-0.3780116189816442,
USGS,9114500,60,18859,1951,8,907.5,7454.5,15193.800000000001,-0.3573214129872161,
USGS,9114500,60,18859,1951,9,808.6,7607.599999999999,15378.300000000001,-0.2992553935169877,
USGS,9114500,60,18859,1951,10,306.0,7692.9,15379.5,-0.26720913639489785,
USGS,9114500,60,18859,1951,11,205.9,7717.200000000001,15328.7,-0.2581191703494217,
USGS,9114500,60,18859,1951,12,158.9,7715.3,15303.8,-0.25882928545724143,
USGS,9114500,60,18859,1952,1,151.6,7707.5,15252.800000000001,-0.26174560122971136,
USGS,9114500,60,18859,1952,2,156.2,7703.900000000001,15221.9,-0.2630921937998325,
USGS,9114500,60,18859,1952,3,179.0,7696.900000000001,15220.3,-0.26571165562015575,
USGS,9114500,60,18859,1952,4,858.3,8110.0,15317.2,-0.11351915635335744,
USGS,9114500,60,18859,1952,5,3169.0,9986.0,17096.2,0.5243899297866952,Near normal
USGS,9114500,60,18859,1952,6,3959.0,11944.0,19064.2,1.1167559365746118,Moderately wet
USGS,9114500,60,18859,1952,7,1481.0,12341.0,19741.4,1.2295242036946858,Moderately wet
USGS,9114500,60,18859,1952,8,837.6,12271.1,19725.6,1.2098300679794731,Moderately wet
USGS,9114500,60,18859,1952,9,774.0,12236.5,19844.1,1.2000564747385947,Moderately wet
USGS,9114500,60,18859,1952,10,571.4,12501.9,20194.8,1.2746021408214938,Moderately wet
USGS,9114500,60,18859,1952,11,283.7,12579.699999999999,20296.9,1.2962727577433961,Moderately wet
USGS,9114500,60,18859,1952,12,238.7,12659.5,20374.8,1.3184163445544363,Moderately wet
USGS,9114500,60,18859,1953,1,223.5,12731.4,20438.899999999998,1.3382955329721933,Moderately wet
USGS,9114500,60,18859,1953,2,197.1,12772.300000000001,20476.2,1.3495734160927468,Moderately wet
USGS,9114500,60,18859,1953,3,200.5,12793.800000000001,20490.7,1.355493124723302,Moderately wet
USGS,9114500,60,18859,1953,4,338.1,12273.6,20383.6,1.2105356057417995,Moderately wet
USGS,9114500,60,18859,1953,5,1007.0,10111.6,20097.6,0.5643999123624934,Near normal
USGS,9114500,60,18859,1953,6,2448.0,8600.599999999999,20544.6,0.06125963654618641,Near normal
USGS,9114500,60,18859,1953,7,900.2,8019.799999999999,20360.8,-0.14634343689361645,
USGS,9114500,60,18859,1953,8,756.5,7938.7,20209.8,-0.1760471086133994,
USGS,9114500,60,18859,1953,9,798.9,7963.6,20200.100000000002,-0.16690782082103897,
USGS,9114500,60,18859,1953,10,384.4,7776.6,20278.5,-0.23597172626682933,
USGS,9114500,60,18859,1953,11,226.0,7718.9,20298.6,-0.25748389362416524,
USGS,9114500,60,18859,1953,12,161.6,7641.8,20301.300000000003,-0.28638093203838544,
USGS,9114500,60,18859,1954,1,143.2,7561.5,20292.899999999998,-0.3166649326777109,
USGS,9114500,60,18859,1954,2,138.9,7503.3,20275.6,-0.3387356699388701,
USGS,9114500,60,18859,1954,3,157.5,7460.3,20254.1,-0.3551086182300518,
USGS,9114500,60,18859,1954,4,455.3,7577.5,19851.1,-0.31061534115448186,
USGS,9114500,60,18859,1954,5,787.1,7357.6,17469.2,-0.39444488867687755,
USGS,9114500,60,18859,1954,6,487.3,5396.9,13997.5,-1.2192870310850563,
USGS,9114500,60,18859,1954,7,573.8,5070.5,13090.3,-1.373207052503977,
USGS,9114500,60,18859,1954,8,706.3,5020.3,12959.0,-1.3973945649147963,
USGS,9114500,60,18859,1954,9,460.6,4682.0,12645.599999999999,-1.5642389380828678,
USGS,9114500,60,18859,1954,10,269.7,4567.3,12343.9,-1.6224082257890713,
USGS,9114500,60,18859,1954,11,178.0,4519.3,12238.2,-1.6470047694837464,
USGS,9114500,60,18859,1954,12,142.6,4500.299999999999,12142.1,-1.656783076566124,
USGS,9114500,60,18859,1955,1,130.0,4487.099999999999,12048.6,-1.6635906329715682,
USGS,9114500,60,18859,1955,2,111.1,4459.3,11962.599999999999,-1.677966108289926,
USGS,9114500,60,18859,1955,3,120.7,4422.5,11882.8,-1.697076192124512,
USGS,9114500,60,18859,1955,4,446.8,4414.0,11991.5,-1.7015033801912736,
USGS,9114500,60,18859,1955,5,929.5,4556.4,11914.0,-1.6279803753074047,
USGS,9114500,60,18859,1955,6,1244.0,5313.1,10710.0,-1.2582665147669816,
USGS,9114500,60,18859,1955,7,887.7,5627.0,10697.5,-1.1140693441171252,
USGS,9114500,60,18859,1955,8,777.3,5698.0,10718.3,-1.0821211050801505,
USGS,9114500,60,18859,1955,9,756.0,5993.4,10675.400000000001,-0.9516836772074303,
USGS,9114500,60,18859,1955,10,347.4,6071.1,10638.4,-0.9180145664228347,
USGS,9114500,60,18859,1955,11,163.1,6056.2,10575.5,-0.924451028943634,
USGS,9114500,60,18859,1955,12,147.7,6061.3,10561.6,-0.9222468805598235,
USGS,9114500,60,18859,1956,1,127.1,6058.4,10545.5,-0.9235000838830423,
USGS,9114500,60,18859,1956,2,122.9,6070.2,10529.5,-0.9184030780311301,
USGS,9114500,60,18859,1956,3,141.5,6091.0,10513.5,-0.9094329214293748,
USGS,9114500,60,18859,1956,4,586.7,6230.900000000001,10644.900000000001,-0.8495704380731065,
USGS,9114500,60,18859,1956,5,1693.0,6994.4,11550.800000000001,-0.5362744292264655,
USGS,9114500,60,18859,1956,6,1800.0,7550.4,12863.5,-0.32086637386742617,
USGS,9114500,60,18859,1956,7,700.5,7363.2,12990.2,-0.3922914714258897,
USGS,9114500,60,18859,1956,8,800.6,7386.5,13084.500000000002,-0.38334229721247337,
USGS,9114500,60,18859,1956,9,839.3,7469.799999999999,13463.2,-0.35148645242705595,
USGS,9114500,60,18859,1956,10,374.7,7497.1,13568.2,-0.3410929240580778,
USGS,9114500,60,18859,1956,11,198.1,7532.1,13588.3,-0.3278012146856406,
USGS,9114500,60,18859,1956,12,154.8,7539.2,13600.5,-0.32510944299207123,
USGS,9114500,60,18859,1957,1,148.1,7560.200000000001,13618.6,-0.3171568009716313,
USGS,9114500,60,18859,1957,2,140.7,7578.0,13648.199999999999,-0.31042641561504813,
USGS,9114500,60,18859,1957,3,149.9,7586.4,13677.4,-0.30725359005279873,
USGS,9114500,60,18859,1957,4,400.4,7400.1,13631.0,-0.37812660584891256,
USGS,9114500,60,18859,1957,5,1608.0,7315.1,14309.5,-0.4108200694310699,
USGS,9114500,60,18859,1957,6,4860.0,10375.1,17925.5,0.6473700969265613,Near normal
USGS,9114500,60,18859,1957,7,4621.0,14295.6,21658.8,1.754966407419754,Very wet
USGS,9114500,60,18859,1957,8,1510.0,15005.0,22391.5,1.934853755900231,Very wet
USGS,9114500,60,18859,1957,9,610.3,14776.0,22245.8,1.8773568795204567,Very wet
USGS,9114500,60,18859,1957,10,462.3,14863.6,22360.7,1.899414404724142,Very wet
USGS,9114500,60,18859,1957,11,489.7,15155.199999999999,22687.3,1.9722786409859767,Very wet
USGS,9114500,60,18859,1957,12,448.1,15448.5,22987.699999999997,2.04471940485767,Extremely wet
USGS,9114500,60,18859,1958,1,246.1,15546.5,23106.7,2.068738897044613,Extremely wet
USGS,9114500,60,18859,1958,2,220.4,15626.2,23204.199999999997,2.088205893096109,Extremely wet
USGS,9114500,60,18859,1958,3,263.0,15739.3,23325.699999999997,2.1157284934735863,Extremely wet
USGS,9114500,60,18859,1958,4,624.9,15963.8,23363.9,2.1700089675196166,Extremely wet
USGS,9114500,60,18859,1958,5,2957.0,17312.8,24627.9,2.4868805923701482,Extremely wet
USGS,9114500,60,18859,1958,6,2328.0,14780.8,25155.9,1.8785675518570173,Very wet
USGS,9114500,60,18859,1958,7,628.8,10788.6,25084.2,0.7750363477294903,Near normal
USGS,9114500,60,18859,1958,8,759.3,10037.9,25042.899999999998,0.5409594743279895,Near normal
USGS,9114500,60,18859,1958,9,589.7,10017.300000000001,24793.3,0.5343889651780949,Near normal
USGS,9114500,60,18859,1958,10,282.4,9837.4,24701.0,0.47665749363079146,Near normal
USGS,9114500,60,18859,1958,11,226.8,9574.5,24729.7,0.3911284415748128,Near normal
USGS,9114500,60,18859,1958,12,202.9,9329.300000000001,24777.800000000003,0.31006592702996477,Near normal
USGS,9114500,60,18859,1959,1,181.6,9264.8,24811.3,0.28852853036736953,Near normal
USGS,9114500,60,18859,1959,2,165.4,9209.800000000001,24836.0,0.27009147232649416,Near normal
USGS,9114500,60,18859,1959,3,155.2,9102.0,24841.3,0.23376049265937363,Near normal
USGS,9114500,60,18859,1959,4,479.8,8956.900000000001,24920.7,0.18444487022773529,Near normal
USGS,9114500,60,18859,1959,5,757.9,6757.8,24070.6,-0.6310650489740092,
USGS,9114500,60,18859,1959,6,1371.0,5800.8,20581.6,-1.0362808819629608,
USGS,9114500,60,18859,1959,7,662.1,5834.099999999999,16622.7,-1.0215357605968098,
USGS,9114500,60,18859,1959,8,730.1,5804.9,15842.8,-1.0344626978526044,
USGS,9114500,60,18859,1959,9,673.0,5888.2,15905.5,-0.9976870677372061,Moderate drought
USGS,9114500,60,18859,1959,10,345.5,5951.3,15788.7,-0.9700354833553765,
USGS,9114500,60,18859,1959,11,249.1,5973.6,15548.1,-0.9603050747167877,
USGS,9114500,60,18859,1959,12,143.5,5914.200000000001,15243.5,-0.9862720751115774,
USGS,9114500,60,18859,1960,1,151.6,5884.2,15149.000000000002,-0.9994458873179666,Moderate drought
USGS,9114500,60,18859,1960,2,135.5,5854.3,15064.1,-1.0126157078647833,
USGS,9114500,60,18859,1960,3,181.2,5880.299999999999,14982.3,-1.0011614231489432,
USGS,9114500,60,18859,1960,4,780.7,6181.200000000001,15138.1,-0.8707438719652223,
USGS,9114500,60,18859,1960,5,883.9,6307.2,13065.0,-0.8172605035957141,
USGS,9114500,60,18859,1960,6,1832.0,6768.2,12569.0,-0.6268568925918819,
USGS,9114500,60,18859,1960,7,796.8,6902.900000000001,12737.0,-0.5727006505291862,
USGS,9114500,60,18859,1960,8,847.5,7020.3,12825.199999999999,-0.5260157172978177,
USGS,9114500,60,18859,1960,9,833.3,7180.6,13068.800000000001,-0.46302360104503554,
USGS,9114500,60,18859,1960,10,351.2,7186.3,13137.599999999999,-0.46079936598735144,
USGS,9114500,60,18859,1960,11,196.5,7133.7,13107.3,-0.48136525143661785,
USGS,9114500,60,18859,1960,12,138.7,7128.9,13043.1,-0.4832465252430906,
USGS,9114500,60,18859,1961,1,126.1,7103.4,12987.6,-0.49325359859125206,
USGS,9114500,60,18859,1961,2,114.3,7082.2,12936.5,-0.5015896761690608,
USGS,9114500,60,18859,1961,3,146.1,7047.1,12927.4,-0.5154244652670139,
USGS,9114500,60,18859,1961,4,258.1,6524.5,12705.7,-0.7265060841025277,
USGS,9114500,60,18859,1961,5,1008.0,6648.6,12955.800000000001,-0.6754874545461489,
USGS,9114500,60,18859,1961,6,1002.0,5818.6,12586.800000000001,-1.0283928475263882,
USGS,9114500,60,18859,1961,7,769.5,5791.299999999999,12694.2,-1.040496692662503,
USGS,9114500,60,18859,1961,8,732.4,5676.2,12696.5,-1.0919052374542366,
USGS,9114500,60,18859,1961,9,401.2,5244.099999999999,12424.7,-1.290636121910604,
USGS,9114500,60,18859,1961,10,359.4,5252.299999999999,12438.6,-1.286776146737825,
USGS,9114500,60,18859,1961,11,271.4,5327.2,12460.9,-1.2516825453927023,
USGS,9114500,60,18859,1961,12,203.9,5392.4,12521.3,-1.2213710465013787,
USGS,9114500,60,18859,1962,1,189.0,5455.3,12558.699999999999,-1.1923341278138533,
USGS,9114500,60,18859,1962,2,198.9,5539.900000000001,12622.099999999999,-1.1535914005327608,
USGS,9114500,60,18859,1962,3,186.8,5580.599999999999,12627.7,-1.1350779424598958,
USGS,9114500,60,18859,1962,4,1381.0,6703.5,13228.0,-0.6530998994890777,
USGS,9114500,60,18859,1962,5,2787.0,8482.5,15131.1,0.01974851248959394,Near normal
USGS,9114500,60,18859,1962,6,3091.0,10571.5,16390.1,0.7083848673785864,Near normal
USGS,9114500,60,18859,1962,7,1683.0,11485.0,17276.3,0.9835094198407623,Near normal
USGS,9114500,60,18859,1962,8,894.6,11647.2,17323.4,1.0309581232825529,Moderately wet
USGS,9114500,60,18859,1962,9,756.2,12002.2,17246.300000000003,1.133428249194347,Moderately wet
USGS,9114500,60,18859,1962,10,203.1,11845.9,17098.2,1.0885419087091286,Moderately wet
USGS,9114500,60,18859,1962,11,171.3,11745.800000000001,17073.0,1.0596064148491,Moderately wet
USGS,9114500,60,18859,1962,12,127.9,11669.8,17062.2,1.0375375057923568,Moderately wet
USGS,9114500,60,18859,1963,1,131.3,11612.099999999999,17067.4,1.0207243515087259,Moderately wet
USGS,9114500,60,18859,1963,2,148.6,11561.8,17101.699999999997,1.0060261397128112,Moderately wet
USGS,9114500,60,18859,1963,3,177.4,11552.400000000001,17133.0,1.0032750630696763,Moderately wet
USGS,9114500,60,18859,1963,4,535.9,10707.300000000001,17410.800000000003,0.750172611381727,Near normal
USGS,9114500,60,18859,1963,5,998.9,8919.2,17401.7,0.1715526126297805,Near normal
USGS,9114500,60,18859,1963,6,921.8,6750.0,17321.5,-0.6342237196775619,
USGS,9114500,60,18859,1963,7,795.4,5862.400000000001,17347.4,-1.0090440101298235,
USGS,9114500,60,18859,1963,8,779.9,5747.7,17394.9,-1.0598980861117409,
USGS,9114500,60,18859,1963,9,366.6,5358.1,17360.3,-1.2372898723433914,
USGS,9114500,60,18859,1963,10,383.2,5538.2,17384.100000000002,-1.15436644579369,
USGS,9114500,60,18859,1963,11,161.6,5528.5,17274.3,-1.1587914694850743,
USGS,9114500,60,18859,1963,12,146.5,5547.1,17216.899999999998,-1.1503104216749434,
USGS,9114500,60,18859,1964,1,123.2,5539.0,17151.1,-1.1540017010059866,
USGS,9114500,60,18859,1964,2,116.6,5506.999999999999,17068.8,-1.168615980366569,
USGS,9114500,60,18859,1964,3,117.4,5447.0,16999.4,-1.1961542906121219,
USGS,9114500,60,18859,1964,4,213.5,5124.6,15831.9,-1.3472981806596875,
USGS,9114500,60,18859,1964,5,1172.0,5297.7,14216.9,-1.2654693548478313,
USGS,9114500,60,18859,1964,6,1313.0,5688.9,12438.9,-1.0862025932866686,
USGS,9114500,60,18859,1964,7,726.5,5620.0,11482.4,-1.1172321290737175,
USGS,9114500,60,18859,1964,8,706.1,5546.200000000001,11293.9,-1.1507204055890845,
USGS,9114500,60,18859,1964,9,620.9,5800.5,11158.6,-1.0364139498893084,
USGS,9114500,60,18859,1964,10,336.6,5753.900000000001,11292.1,-1.057133837799474,
USGS,9114500,60,18859,1964,11,204.9,5797.2,11325.7,-1.037877967844465,
USGS,9114500,60,18859,1964,12,184.7,5835.4,11382.5,-1.0209611439410127,
USGS,9114500,60,18859,1965,1,175.8,5888.0,11427.0,-0.997774991787573,Moderate drought
USGS,9114500,60,18859,1965,2,143.6,5915.000000000001,11422.0,-0.9859213197766121,
USGS,9114500,60,18859,1965,3,172.1,5969.7,11416.7,-0.962005239019902,
USGS,9114500,60,18859,1965,4,1086.0,6842.2,11966.800000000001,-0.5970257902786549,
USGS,9114500,60,18859,1965,5,2241.0,7911.2,13208.900000000001,-0.18616083932434174,
USGS,9114500,60,18859,1965,6,3403.0,10001.2,15690.099999999999,0.5292480594917153,Near normal
USGS,9114500,60,18859,1965,7,2994.0,12268.7,17888.7,1.2091526698443444,Moderately wet
USGS,9114500,60,18859,1965,8,1153.0,12715.599999999999,18261.8,1.333932924845541,Moderately wet
USGS,9114500,60,18859,1965,9,843.4,12938.1,18738.6,1.3950690890403206,Moderately wet
USGS,9114500,60,18859,1965,10,384.4,12985.9,18739.8,1.4081198713660252,Moderately wet
USGS,9114500,60,18859,1965,11,344.9,13125.9,18923.100000000002,1.4461775108009893,Moderately wet
USGS,9114500,60,18859,1965,12,615.7,13556.9,19392.3,1.5618219666409563,Very wet
USGS,9114500,60,18859,1966,1,395.2,13776.3,19664.3,1.6198377176330936,Very wet
USGS,9114500,60,18859,1966,2,230.4,13863.099999999999,19778.100000000002,1.6426359174291942,Very wet
USGS,9114500,60,18859,1966,3,247.7,13938.699999999999,19908.4,1.6624222218420195,Very wet
USGS,9114500,60,18859,1966,4,602.7,13455.4,20297.6,1.534790304172131,Very wet
USGS,9114500,60,18859,1966,5,1265.0,12479.400000000001,20390.6,1.2683197205884702,Moderately wet
USGS,9114500,60,18859,1966,6,1355.0,10431.400000000001,20432.6,0.6649316267345855,Near normal
USGS,9114500,60,18859,1966,7,539.9,7977.3,20246.0,-0.16188673596981346,
USGS,9114500,60,18859,1966,8,555.7,7380.0,20095.600000000002,-0.38583713498064054,
USGS,9114500,60,18859,1966,9,363.6,6900.200000000001,19838.3,-0.5737799198082628,
USGS,9114500,60,18859,1966,10,495.4,7011.2,19997.100000000002,-0.5296175312902415,
USGS,9114500,60,18859,1966,11,447.4,7113.700000000001,20239.6,-0.48920892712576497,
USGS,9114500,60,18859,1966,12,233.1,6731.1,20288.0,-0.6418865244286842,
USGS,9114500,60,18859,1967,1,156.9,6492.799999999999,20269.1,-0.7396314045711803,
USGS,9114500,60,18859,1967,2,165.5,6427.9,20291.0,-0.7666234668277399,
USGS,9114500,60,18859,1967,3,273.2,6453.400000000001,20392.1,-0.7559985605239318,
USGS,9114500,60,18859,1967,4,450.4,6301.1,19756.5,-0.819834970798815,
USGS,9114500,60,18859,1967,5,1128.0,6164.1,18643.5,-0.8780524330810248,
USGS,9114500,60,18859,1967,6,1767.0,6576.1,17007.5,-0.7052227535842045,
USGS,9114500,60,18859,1967,7,896.1,6932.3,14909.599999999999,-0.5609649992699364,
USGS,9114500,60,18859,1967,8,582.4,6959.0,14339.0,-0.5503330139901341,
USGS,9114500,60,18859,1967,9,472.3,7067.7,13967.9,-0.5072998897392474,
USGS,9114500,60,18859,1967,10,406.8,6979.1,13990.3,-0.5423453340218727,
USGS,9114500,60,18859,1967,11,614.1,7145.8,14259.5,-0.4766262525195028,
USGS,9114500,60,18859,1967,12,418.4,7331.1,14062.199999999999,-0.40464858453744296,
USGS,9114500,60,18859,1968,1,248.1,7422.3,13915.1,-0.3696251540825975,
USGS,9114500,60,18859,1968,2,246.3,7503.099999999999,13931.000000000002,-0.3388116920592663,
USGS,9114500,60,18859,1968,3,223.2,7453.099999999999,13906.5,-0.3578556913440495,
USGS,9114500,60,18859,1968,4,325.7,7328.4,13629.5,-0.4056894530548672,
USGS,9114500,60,18859,1968,5,1400.0,7600.4,13764.5,-0.30197025280512146,
USGS,9114500,60,18859,1968,6,2541.0,8374.4,14950.5,-0.018555204321513016,
USGS,9114500,60,18859,1968,7,826.4,8304.699999999999,15237.0,-0.04341118029067442,
USGS,9114500,60,18859,1968,8,1111.0,8833.3,15792.3,0.14205370442537082,Near normal
USGS,9114500,60,18859,1968,9,631.4,8992.400000000001,16060.1,0.19655480097651634,Near normal
USGS,9114500,60,18859,1968,10,804.7,9390.3,16369.4,0.33035181386031304,Near normal
USGS,9114500,60,18859,1968,11,312.1,9088.3,16234.1,0.2291246676731637,Near normal
USGS,9114500,60,18859,1968,12,245.8,8915.7,16246.8,0.17035404672189408,Near normal
USGS,9114500,60,18859,1969,1,215.8,8883.4,16305.699999999999,0.1592795293997622,Near normal
USGS,9114500,60,18859,1969,2,210.0,8847.1,16350.199999999999,0.14680443024471995,Near normal
USGS,9114500,60,18859,1969,3,211.9,8835.8,16288.900000000001,0.14291467614494488,Near normal
USGS,9114500,60,18859,1969,4,854.3,9364.400000000001,16692.8,0.3217484042812329,Near normal
USGS,9114500,60,18859,1969,5,2161.0,10125.400000000001,17725.8,0.5687775129336231,Near normal
USGS,9114500,60,18859,1969,6,1632.0,9216.400000000001,17590.8,0.27230743339649954,Near normal
USGS,9114500,60,18859,1969,7,1292.0,9682.0,17986.7,0.42627117214966914,Near normal
USGS,9114500,60,18859,1969,8,690.4,9261.400000000001,18094.7,0.2873907099564582,Near normal
USGS,9114500,60,18859,1969,9,484.2,9114.199999999999,18106.6,0.23788519078235595,Near normal
USGS,9114500,60,18859,1969,10,635.7,8945.2,18335.5,0.1804473457227992,Near normal
USGS,9114500,60,18859,1969,11,297.8,8930.9,18019.199999999997,0.1755571820372151,Near normal
USGS,9114500,60,18859,1969,12,211.8,8896.9,17812.600000000002,0.1639111572015587,Near normal
USGS,9114500,60,18859,1970,1,185.2,8866.3,17749.699999999997,0.15340668109142344,Near normal
USGS,9114500,60,18859,1970,2,185.0,8841.3,17688.399999999998,0.14480829511739865,Near normal
USGS,9114500,60,18859,1970,3,372.3,9001.7,17837.5,0.1997224761993361,Near normal
USGS,9114500,60,18859,1970,4,980.9,9128.3,18492.7,0.24264809779461285,Near normal
USGS,9114500,60,18859,1970,5,2934.0,9901.3,20026.7,0.4972362503303915,Near normal
USGS,9114500,60,18859,1970,6,2549.0,10818.3,20034.7,0.7840910873848776,Near normal
USGS,9114500,60,18859,1970,7,1277.0,10803.3,20485.3,0.7795198718847148,Near normal
USGS,9114500,60,18859,1970,8,588.0,10700.900000000001,19962.3,0.7482104681182491,Near normal
USGS,9114500,60,18859,1970,9,813.4,11030.1,20144.3,0.8482307823984414,Near normal
USGS,9114500,60,18859,1970,10,453.2,10847.6,19792.800000000003,0.7930091292192187,Near normal
USGS,9114500,60,18859,1970,11,449.2,10999.0,19929.899999999998,0.8388597531316424,Near normal
USGS,9114500,60,18859,1970,12,300.0,11087.2,19984.1,0.8653945186398104,Near normal
USGS,9114500,60,18859,1971,1,281.3,11183.3,20049.600000000002,0.8941607841695854,Near normal
USGS,9114500,60,18859,1971,2,365.1,11363.4,20204.7,0.9476706197994239,Near normal
USGS,9114500,60,18859,1971,3,372.4,11363.5,20365.2,0.9477001877196516,Near normal
USGS,9114500,60,18859,1971,4,953.5,11336.1,20464.4,0.9395926738650429,Near normal
USGS,9114500,60,18859,1971,5,1426.0,9828.099999999999,19729.4,0.47365571886763874,Near normal
USGS,9114500,60,18859,1971,6,2310.0,9589.1,20407.4,0.3959152937551584,Near normal
USGS,9114500,60,18859,1971,7,1374.0,9686.1,20489.4,0.42760680897147424,Near normal
USGS,9114500,60,18859,1971,8,913.2,10011.3,20712.199999999997,0.5324736853281844,Near normal
USGS,9114500,60,18859,1971,9,424.4,9622.300000000001,20652.4,0.40678405451946564,Near normal
USGS,9114500,60,18859,1971,10,454.7,9623.8,20471.4,0.4072745762354231,Near normal
USGS,9114500,60,18859,1971,11,521.7,9696.300000000001,20695.300000000003,0.4309281275467026,Near normal
USGS,9114500,60,18859,1971,12,227.6,9623.900000000001,20711.1,0.4073072760363737,Near normal
USGS,9114500,60,18859,1972,1,209.7,9552.3,20735.600000000002,0.3838413226370122,Near normal
USGS,9114500,60,18859,1972,2,196.9,9384.099999999999,20747.5,0.3282936200975386,Near normal
USGS,9114500,60,18859,1972,3,297.4,9309.1,20672.6,0.3033306069552432,Near normal
USGS,9114500,60,18859,1972,4,532.0,8887.599999999999,20223.7,0.16072093651490338,Near normal
USGS,9114500,60,18859,1972,5,972.5,8434.099999999999,18262.2,0.002635368126515327,Near normal
USGS,9114500,60,18859,1972,6,2024.0,8148.099999999999,17737.2,-0.09972062216164254,
USGS,9114500,60,18859,1972,7,601.6,7375.700000000001,17061.8,-0.3874882939598335,
USGS,9114500,60,18859,1972,8,709.1,7171.599999999999,17182.9,-0.4665377164962204,
USGS,9114500,60,18859,1972,9,762.0,7509.2,17131.5,-0.3364935668217944,
USGS,9114500,60,18859,1972,10,607.1,7661.6,17285.399999999998,-0.278943178310648,
USGS,9114500,60,18859,1972,11,268.7,7408.599999999999,17104.9,-0.3748697318346971,
USGS,9114500,60,18859,1972,12,210.5,7391.5,17015.4,-0.38142409140865075,
USGS,9114500,60,18859,1973,1,175.2,7357.0,16909.3,-0.3946756705233941,
USGS,9114500,60,18859,1973,2,169.8,7329.9,16714.0,-0.40511116424827287,
USGS,9114500,60,18859,1973,3,202.8,7235.3,16544.4,-0.4417224151674545,
USGS,9114500,60,18859,1973,4,265.6,6968.9,15856.5,-0.5463970520522333,
USGS,9114500,60,18859,1973,5,1417.0,7413.4,15847.5,-0.3730315508233086,
USGS,9114500,60,18859,1973,6,2148.0,7537.4,15685.5,-0.3257917192860149,
USGS,9114500,60,18859,1973,7,1637.0,8572.8,15948.5,0.05151935980601146,Near normal
USGS,9114500,60,18859,1973,8,698.7,8562.4,15734.0,0.04787060489406976,Near normal
USGS,9114500,60,18859,1973,9,413.6,8214.0,15723.2,-0.07594561291932991,
USGS,9114500,60,18859,1973,10,603.0,8209.9,15871.5,-0.077421416388657,
USGS,9114500,60,18859,1973,11,363.7,8304.9,15713.5,-0.04333967747310598,
USGS,9114500,60,18859,1973,12,185.3,8279.7,15671.2,-0.05235724332075116,
USGS,9114500,60,18859,1974,1,197.1,8301.6,15658.599999999999,-0.04451960710558063,
USGS,9114500,60,18859,1974,2,180.3,8312.1,15642.0,-0.04076626901271421,
USGS,9114500,60,18859,1974,3,230.5,8339.8,15575.1,-0.030878340334241056,
USGS,9114500,60,18859,1974,4,425.9,8500.1,15469.0,0.025956829621806086,Near normal
USGS,9114500,60,18859,1974,5,1780.0,8863.099999999999,16276.5,0.15230690727116777,Near normal
USGS,9114500,60,18859,1974,6,1441.0,8156.099999999999,15693.5,-0.09682824762298825,
USGS,9114500,60,18859,1974,7,649.7,7168.8,15741.6,-0.4676315383148553,
USGS,9114500,60,18859,1974,8,558.8,7028.9,15591.3,-0.5226143856388783,
USGS,9114500,60,18859,1974,9,314.4,6929.7,15143.699999999999,-0.5620016383786628,
USGS,9114500,60,18859,1974,10,342.3,6669.0,14878.900000000001,-0.6671556705166465,
USGS,9114500,60,18859,1974,11,426.7,6731.999999999999,15036.9,-0.6415213361629419,
USGS,9114500,60,18859,1974,12,292.8,6839.5,15119.2,-0.5981108054875542,
USGS,9114500,60,18859,1975,1,190.7,6833.099999999999,15134.699999999999,-0.600683721996562,
USGS,9114500,60,18859,1975,2,158.6,6811.4,15123.5,-0.6094183117769792,
USGS,9114500,60,18859,1975,3,187.4,6768.299999999999,15108.1,-0.6268164484094304,
USGS,9114500,60,18859,1975,4,336.2,6678.6,15178.7,-0.6632401245152921,
USGS,9114500,60,18859,1975,5,969.9,5868.5,14731.6,-1.00635615518991,
USGS,9114500,60,18859,1975,6,2428.0,6855.5,15011.6,-0.5916848377095125,
USGS,9114500,60,18859,1975,7,1869.0,8074.8,15243.6,-0.12630226087750474,
USGS,9114500,60,18859,1975,8,738.7,8254.7,15283.6,-0.06131964989048227,
USGS,9114500,60,18859,1975,9,390.4,8330.7,15260.4,-0.034124528293053014,
USGS,9114500,60,18859,1975,10,368.7,8357.1,15026.099999999999,-0.02471291641844623,
USGS,9114500,60,18859,1975,11,444.8,8375.2,15107.2,-0.018270640765780794,
USGS,9114500,60,18859,1975,12,272.7,8355.1,15194.599999999999,-0.025425287472337348,
USGS,9114500,60,18859,1976,1,184.0,8348.4,15181.5,-0.027812481990503644,
USGS,9114500,60,18859,1976,2,186.6,8376.4,15187.8,-0.01784382624599359,
USGS,9114500,60,18859,1976,3,216.7,8405.7,15174.0,-0.007433889440592875,
USGS,9114500,60,18859,1976,4,527.7,8597.199999999999,15275.8,0.06006940286553579,Near normal
USGS,9114500,60,18859,1976,5,1097.0,8724.3,14592.8,0.10437101977462049,Near normal
USGS,9114500,60,18859,1976,6,1385.0,7681.3,14536.8,-0.2715544892940659,
USGS,9114500,60,18859,1976,7,865.0,6677.3,14752.099999999999,-0.6637701568214559,
USGS,9114500,60,18859,1976,8,664.8,6603.400000000001,14858.1,-0.6940028948259808,
USGS,9114500,60,18859,1976,9,555.3,6768.299999999999,15099.0,-0.6268164484094304,
USGS,9114500,60,18859,1976,10,255.5,6655.1,15012.199999999999,-0.6728310557335622,
USGS,9114500,60,18859,1976,11,212.9,6423.2,14798.4,-0.7685845384746227,
USGS,9114500,60,18859,1976,12,208.1,6358.6,14713.699999999999,-0.7956264202133024,
USGS,9114500,60,18859,1977,1,208.0,6382.6,14731.0,-0.7855607689720989,
USGS,9114500,60,18859,1977,2,175.8,6371.8,14748.2,-0.790087501302736,
USGS,9114500,60,18859,1977,3,170.8,6325.9,14731.6,-0.8093775620980765,
USGS,9114500,60,18859,1977,4,280.0,6078.2,14675.4,-0.9149508474220871,
USGS,9114500,60,18859,1977,5,282.5,5263.7,13988.0,-1.2814157622473,
USGS,9114500,60,18859,1977,6,425.1,4303.8,11985.1,-1.7593560184718549,
USGS,9114500,60,18859,1977,7,288.1,3726.9,10404.2,-2.077204215950646,Extreme drought
USGS,9114500,60,18859,1977,8,317.5,3379.6000000000004,9983.0,-2.282352515093388,Extreme drought
USGS,9114500,60,18859,1977,9,249.0,3073.3,9841.6,-2.473404146015861,Extreme drought
USGS,9114500,60,18859,1977,10,185.9,3003.7000000000003,9658.800000000001,-2.5182819731933135,Extreme drought
USGS,9114500,60,18859,1977,11,256.8,3047.6,9470.8,-2.4899090495912684,Extreme drought
USGS,9114500,60,18859,1977,12,252.0,3091.5,9450.1,-2.4617622220199333,Extreme drought
USGS,9114500,60,18859,1978,1,237.3,3120.8,9503.400000000001,-2.4430998961183885,Extreme drought
USGS,9114500,60,18859,1978,2,203.6,3148.6,9520.400000000001,-2.425483080725668,Extreme drought
USGS,9114500,60,18859,1978,3,226.1,3203.9,9529.8,-2.3906960883163944,Extreme drought
USGS,9114500,60,18859,1978,4,554.0,3477.9,9556.1,-2.223118633397518,Extreme drought
USGS,9114500,60,18859,1978,5,1360.0,4555.4,9819.099999999999,-1.6284919719815154,
USGS,9114500,60,18859,1978,6,3091.0,7221.299999999999,11525.099999999999,-0.447165013189546,
USGS,9114500,60,18859,1978,7,1362.0,8295.2,12022.099999999999,-0.04680876393798823,
USGS,9114500,60,18859,1978,8,631.5,8609.2,11988.8,0.06426895765378869,Near normal
USGS,9114500,60,18859,1978,9,428.2,8788.4,11861.7,0.12656547779900942,Near normal
USGS,9114500,60,18859,1978,10,315.6,8918.1,11921.800000000001,0.17117595116811085,Near normal
USGS,9114500,60,18859,1978,11,256.6,8917.9,11965.5,0.17110746424478965,Near normal
USGS,9114500,60,18859,1978,12,256.0,8921.9,12013.4,0.17247702611559623,Near normal
USGS,9114500,60,18859,1979,1,241.0,8925.6,12046.4,0.17374353999305187,Near normal
USGS,9114500,60,18859,1979,2,262.8,8984.8,12133.4,0.19396469033485375,Near normal
USGS,9114500,60,18859,1979,3,272.1,9030.8,12234.7,0.20962145512773142,Near normal
USGS,9114500,60,18859,1979,4,657.6,9134.4,12612.3,0.24470726582642102,Near normal
USGS,9114500,60,18859,1979,5,2550.0,10324.4,14879.8,0.6315058778581935,Near normal
USGS,9114500,60,18859,1979,6,2977.0,10210.4,17431.7,0.5956616139317323,Near normal
USGS,9114500,60,18859,1979,7,1828.0,10676.4,18971.600000000002,0.7406925595385742,Near normal
USGS,9114500,60,18859,1979,8,680.8,10725.699999999999,19334.9,0.7558098175360232,Near normal
USGS,9114500,60,18859,1979,9,534.2,10831.7,19620.100000000002,0.788171459617209,Near normal
USGS,9114500,60,18859,1979,10,305.1,10821.2,19739.3,0.7849744125870883,Near normal
USGS,9114500,60,18859,1979,11,325.7,10890.3,19808.2,0.8059796316745405,Near normal
USGS,9114500,60,18859,1979,12,260.3,10894.6,19816.5,0.8072840855617471,Near normal
USGS,9114500,60,18859,1980,1,254.2,10907.8,19833.4,0.8112865078940359,Near normal
USGS,9114500,60,18859,1980,2,207.1,10852.1,19836.899999999998,0.7943775007748944,Near normal
USGS,9114500,60,18859,1980,3,322.9,10902.9,19933.7,0.809801102917872,Near normal
USGS,9114500,60,18859,1980,4,992.7,11238.0,20372.4,0.9104676585755406,Near normal
USGS,9114500,60,18859,1980,5,2283.0,10971.0,21295.4,0.8304090691645712,Near normal
USGS,9114500,60,18859,1980,6,3227.0,11221.0,21431.4,0.9054048691406863,Near normal
USGS,9114500,60,18859,1980,7,1302.0,10695.0,21371.4,0.7464009872385272,Near normal
USGS,9114500,60,18859,1980,8,685.5,10699.7,21425.4,0.7478424870943879,Near normal
USGS,9114500,60,18859,1980,9,747.2,10912.7,21744.4,0.8127715085872217,Near normal
USGS,9114500,60,18859,1980,10,504.5,11112.1,21933.300000000003,0.8728624593544491,Near normal
USGS,9114500,60,18859,1980,11,259.1,11045.5,21935.8,0.8528651729084363,Near normal
USGS,9114500,60,18859,1980,12,232.1,11017.3,21911.899999999998,0.8443758369171549,Near normal
USGS,9114500,60,18859,1981,1,232.6,10995.7,21903.5,0.8378644578055267,Near normal
USGS,9114500,60,18859,1981,2,227.1,11015.7,21867.8,0.843893777953263,Near normal
USGS,9114500,60,18859,1981,3,200.7,10893.5,21796.4,0.8069504177564529,Near normal
USGS,9114500,60,18859,1981,4,250.1,10150.9,21388.899999999998,0.5768570551330976,Near normal
USGS,9114500,60,18859,1981,5,428.5,8296.4,19267.399999999998,-0.04637946572581157,
USGS,9114500,60,18859,1981,6,942.4,6011.8,17232.8,-0.9436871052431365,
USGS,9114500,60,18859,1981,7,493.3,5203.1,15898.099999999999,-1.3099897791039172,
USGS,9114500,60,18859,1981,8,414.3,4931.9,15631.6,-1.4403369135618282,
USGS,9114500,60,18859,1981,9,384.1,4568.8,15481.5,-1.621642025375887,
USGS,9114500,60,18859,1981,10,262.4,4326.7,15438.800000000001,-1.747263644639216,
USGS,9114500,60,18859,1981,11,212.3,4279.9,15325.4,-1.7720164164893641,
USGS,9114500,60,18859,1981,12,268.0,4315.8,15333.1,-1.7530147480939378,
USGS,9114500,60,18859,1982,1,237.3,4320.5,15316.2,-1.7505338793562135,
USGS,9114500,60,18859,1982,2,214.5,4307.9,15323.599999999999,-1.7571882624981503,
USGS,9114500,60,18859,1982,3,300.2,4407.400000000001,15300.9,-1.7049443911066808,
USGS,9114500,60,18859,1982,4,619.7,4777.0,14927.900000000001,-1.5166898508621358,
USGS,9114500,60,18859,1982,5,1488.0,5836.5,14132.900000000001,-1.0204749894513476,
USGS,9114500,60,18859,1982,6,2373.0,7267.1,13278.900000000001,-0.4293834625429759,
USGS,9114500,60,18859,1982,7,1168.0,7941.8,13144.900000000001,-0.17490834303576708,
USGS,9114500,60,18859,1982,8,737.5,8265.0,13196.900000000001,-0.05762515370771711,
USGS,9114500,60,18859,1982,9,671.4,8552.3,13121.1,0.04432453575400874,Near normal
USGS,9114500,60,18859,1982,10,619.0,8908.9,13235.6,0.16802458996972977,Near normal
USGS,9114500,60,18859,1982,11,294.1,8990.7,13270.6,0.19597554921142782,Near normal
USGS,9114500,60,18859,1982,12,264.2,8986.900000000001,13302.699999999999,0.19468051136152903,Near normal
USGS,9114500,60,18859,1983,1,295.5,9045.1,13365.599999999999,0.2144788263961486,Near normal
USGS,9114500,60,18859,1983,2,253.6,9084.199999999999,13392.1,0.2277364815250796,Near normal
USGS,9114500,60,18859,1983,3,366.9,9150.900000000001,13558.3,0.25027297800350706,Near normal
USGS,9114500,60,18859,1983,4,506.6,9037.8,13814.8,0.21199977064844058,Near normal
USGS,9114500,60,18859,1983,5,1142.0,8691.8,14528.3,0.09308027139931395,Near normal
USGS,9114500,60,18859,1983,6,3054.0,9372.8,16639.9,0.32454027654915835,Near normal
USGS,9114500,60,18859,1983,7,1726.0,9930.8,17872.6,0.5067094689413433,Near normal
USGS,9114500,60,18859,1983,8,1088.0,10281.3,18546.300000000003,0.6179825630213819,Near normal
USGS,9114500,60,18859,1983,9,638.1,10248.0,18800.3,0.607510612995374,Near normal
USGS,9114500,60,18859,1983,10,474.7,10103.7,19012.600000000002,0.5618922651008609,Near normal
USGS,9114500,60,18859,1983,11,304.9,10114.5,19105.199999999997,0.5653201432176175,Near normal
USGS,9114500,60,18859,1983,12,397.1,10247.4,19234.3,0.6073217402395508,Near normal
USGS,9114500,60,18859,1984,1,316.1,10268.0,19313.1,0.6138025411287651,Near normal
USGS,9114500,60,18859,1984,2,307.8,10322.2,19406.399999999998,0.630816422072802,Near normal
USGS,9114500,60,18859,1984,3,361.8,10317.1,19468.0,0.6292177956611532,Near normal
USGS,9114500,60,18859,1984,4,698.0,10508.5,19546.300000000003,0.6888883178089149,Near normal
USGS,9114500,60,18859,1984,5,3383.0,12749.5,21441.300000000003,1.3432891793581787,Moderately wet
USGS,9114500,60,18859,1984,6,4199.0,13894.5,23267.300000000003,1.6508619367720148,Very wet
USGS,9114500,60,18859,1984,7,2511.0,14679.5,24610.300000000003,1.852966784935656,Very wet
USGS,9114500,60,18859,1984,8,1224.0,14815.5,25096.800000000003,1.8873126534079867,Very wet
USGS,9114500,60,18859,1984,9,740.2,14917.6,25165.6,1.912972441347692,Very wet
USGS,9114500,60,18859,1984,10,784.5,15227.4,25331.1,1.9901888832293824,
USGS,9114500,60,18859,1984,11,412.2,15334.7,25449.2,2.016711803156832,Extremely wet
USGS,9114500,60,18859,1984,12,365.5,15303.1,25550.5,2.0089124264524485,Extremely wet
USGS,9114500,60,18859,1985,1,239.7,15226.699999999999,25494.7,1.990015484418401,
USGS,9114500,60,18859,1985,2,185.6,15104.5,25426.699999999997,1.9596709964186554,Very wet
USGS,9114500,60,18859,1985,3,543.5,15286.199999999999,25603.3,2.004737253793167,Extremely wet
USGS,9114500,60,18859,1985,4,1195.0,15783.2,26291.699999999997,2.1263793272279043,Extremely wet
USGS,9114500,60,18859,1985,5,2871.0,15271.2,28020.699999999997,2.0010291464355787,Extremely wet
USGS,9114500,60,18859,1985,6,2898.0,13970.2,27864.699999999997,1.670647372836844,Very wet
USGS,9114500,60,18859,1985,7,1439.0,12898.2,27577.699999999997,1.3841528771958214,Moderately wet
USGS,9114500,60,18859,1985,8,733.6,12407.800000000001,27223.3,1.2482819126205495,Moderately wet
USGS,9114500,60,18859,1985,9,908.0,12575.6,27493.2,1.2951327612202608,Moderately wet
USGS,9114500,60,18859,1985,10,677.0,12468.1,27695.5,1.2651619627772157,Moderately wet
USGS,9114500,60,18859,1985,11,419.3,12475.199999999999,27809.9,1.2671462428885807,Moderately wet
USGS,9114500,60,18859,1985,12,351.2,12460.9,27764.0,1.263149036379673,Moderately wet
USGS,9114500,60,18859,1986,1,366.1,12587.300000000001,27814.0,1.2983853273520967,Moderately wet
USGS,9114500,60,18859,1986,2,300.1,12701.8,27806.3,1.3301198606771627,Moderately wet
USGS,9114500,60,18859,1986,3,581.8,12740.1,28026.3,1.3406963298355554,Moderately wet
USGS,9114500,60,18859,1986,4,1059.0,12604.1,28387.300000000003,1.3030524799530276,Moderately wet
USGS,9114500,60,18859,1986,5,2254.0,11987.1,27258.300000000003,1.1291073269865588,Moderately wet
USGS,9114500,60,18859,1986,6,3319.0,12408.1,26378.300000000003,1.248366015754017,Moderately wet
USGS,9114500,60,18859,1986,7,2041.0,13010.1,25908.300000000003,1.41471609009725,Moderately wet
USGS,9114500,60,18859,1986,8,1115.0,13391.5,25799.300000000003,1.5177090417864632,Very wet
USGS,9114500,60,18859,1986,9,890.2,13373.699999999999,25949.3,1.5129421069790725,Very wet
USGS,9114500,60,18859,1986,10,690.2,13386.9,25855.0,1.516477504644001,Very wet
USGS,9114500,60,18859,1986,11,408.5,13376.1,25851.3,1.5135850634690455,Very wet
USGS,9114500,60,18859,1986,12,291.6,13316.5,25777.4,1.497597613641405,
USGS,9114500,60,18859,1987,1,313.5,13263.9,25851.2,1.4834518948277733,Moderately wet
USGS,9114500,60,18859,1987,2,345.7,13309.5,26011.3,1.4957170553253114,
USGS,9114500,60,18859,1987,3,555.1,13282.8,26022.9,1.4885385709437495,Moderately wet
USGS,9114500,60,18859,1987,4,1137.0,13360.8,25964.9,1.5094850197461063,Very wet
USGS,9114500,60,18859,1987,5,2087.0,13193.8,25180.9,1.46454705861745,Moderately wet
USGS,9114500,60,18859,1987,6,1962.0,11836.8,24244.9,1.0859175436466082,Moderately wet
USGS,9114500,60,18859,1987,7,899.3,10695.1,23705.2,0.7464316614446634,Near normal
USGS,9114500,60,18859,1987,8,690.9,10271.0,23662.5,0.6147456896391501,Near normal
USGS,9114500,60,18859,1987,9,551.9,9932.7,23306.399999999998,0.5073190236635307,Near normal
USGS,9114500,60,18859,1987,10,349.0,9591.5,22978.399999999998,0.3967017509519869,Near normal
USGS,9114500,60,18859,1987,11,359.2,9542.2,22918.3,0.38052261638824997,Near normal
USGS,9114500,60,18859,1987,12,245.8,9496.4,22812.899999999998,0.365446670550791,Near normal
USGS,9114500,60,18859,1988,1,222.3,9405.199999999999,22669.1,0.3352947548575102,Near normal
USGS,9114500,60,18859,1988,2,215.3,9274.800000000001,22584.300000000003,0.29187359617172387,Near normal
USGS,9114500,60,18859,1988,3,271.2,8990.9,22273.699999999997,0.19604369991901133,Near normal
USGS,9114500,60,18859,1988,4,523.4,8377.300000000001,21738.1,-0.01752373961758999,
USGS,9114500,60,18859,1988,5,1178.0,7468.3,20662.1,-0.3520581886387069,
USGS,9114500,60,18859,1988,6,1534.0,7040.299999999999,18877.1,-0.5181095004420901,
USGS,9114500,60,18859,1988,7,735.6,6876.6,17571.699999999997,-0.5832243588342613,
USGS,9114500,60,18859,1988,8,509.3,6695.0,16966.0,-0.6565588759207502,
USGS,9114500,60,18859,1988,9,368.1,6511.2,16443.9,-0.732008255411617,
USGS,9114500,60,18859,1988,10,312.0,6474.2,16065.699999999999,-0.7473505901410881,
USGS,9114500,60,18859,1988,11,281.4,6396.400000000001,15938.6,-0.7797832837540024,
USGS,9114500,60,18859,1988,12,232.0,6382.6,15879.0,-0.7855607689720989,
USGS,9114500,60,18859,1989,1,250.3,6410.6,15815.800000000001,-0.7738461258746637,
USGS,9114500,60,18859,1989,2,242.5,6437.799999999999,15712.6,-0.7624955084657639,
USGS,9114500,60,18859,1989,3,381.3,6547.9,15538.8,-0.7168418769370453,
USGS,9114500,60,18859,1989,4,928.5,6953.0,15330.3,-0.5527200844883174,
USGS,9114500,60,18859,1989,5,1323.0,7098.0,14566.3,-0.4953755163973865,
USGS,9114500,60,18859,1989,6,1289.0,6853.0,13893.3,-0.5926883006003147,
USGS,9114500,60,18859,1989,7,595.7,6713.1,13589.7,-0.649196456098588,
USGS,9114500,60,18859,1989,8,567.2,6771.0,13466.0,-0.6257245911353492,
USGS,9114500,60,18859,1989,9,334.9,6737.8,13249.0,-0.6391686036948576,
USGS,9114500,60,18859,1989,10,317.8,6743.6,13217.8,-0.6368170872275085,
USGS,9114500,60,18859,1989,11,231.2,6693.4,13089.800000000001,-0.6572102721934929,
USGS,9114500,60,18859,1989,12,207.4,6668.8,13051.4,-0.6672372803605486,
USGS,9114500,60,18859,1990,1,198.6,6617.099999999999,13027.7,-0.688382902891753,
USGS,9114500,60,18859,1990,2,190.8,6565.400000000001,13003.2,-0.7096279025664208,
USGS,9114500,60,18859,1990,3,203.2,6387.3,12935.2,-0.7835922351057065,
USGS,9114500,60,18859,1990,4,266.6,5725.400000000001,12678.4,-1.069855170203993,
USGS,9114500,60,18859,1990,5,475.4,4877.8,11975.800000000001,-1.466841281512681,
USGS,9114500,60,18859,1990,6,1410.0,4998.8,11851.8,-1.4077973984658638,
USGS,9114500,60,18859,1990,7,668.2,5071.3,11784.4,-1.3728227408163354,
USGS,9114500,60,18859,1990,8,521.2,5025.299999999999,11796.300000000001,-1.3949790692326307,
USGS,9114500,60,18859,1990,9,318.3,5008.7,11746.5,-1.4030039853309837,
USGS,9114500,60,18859,1990,10,292.1,4983.0,11726.6,-1.4154591020729825,
USGS,9114500,60,18859,1990,11,312.3,5064.1,11757.5,-1.3762828354318681,
USGS,9114500,60,18859,1990,12,236.7,5093.4,11762.2,-1.3622202509210257,
USGS,9114500,60,18859,1991,1,218.0,5112.8,11729.9,-1.3529354571508316,
USGS,9114500,60,18859,1991,2,216.5,5138.5,11703.9,-1.3406674895599195,
USGS,9114500,60,18859,1991,3,208.3,5143.6,11530.9,-1.3382373042914413,
USGS,9114500,60,18859,1991,4,485.0,5362.0,11087.4,-1.235476821392521,
USGS,9114500,60,18859,1991,5,1616.0,6502.6,11380.4,-0.7355696390872551,
USGS,9114500,60,18859,1991,6,2030.0,7122.6,12121.4,-0.48571685453531244,
USGS,9114500,60,18859,1991,7,1053.0,7507.400000000001,12578.699999999999,-0.3371774856496714,
USGS,9114500,60,18859,1991,8,682.0,7668.200000000001,12693.5,-0.2764665044750535,
USGS,9114500,60,18859,1991,9,396.7,7746.6,12755.3,-0.2471444941480458,
USGS,9114500,60,18859,1991,10,285.6,7740.1,12723.1,-0.24956870092609035,
USGS,9114500,60,18859,1991,11,322.5,7750.3,12814.4,-0.24576510930875808,
USGS,9114500,60,18859,1991,12,256.2,7769.8,12863.199999999999,-0.23850193721179525,
USGS,9114500,60,18859,1992,1,241.8,7793.6,12906.4,-0.22965203571140963,
USGS,9114500,60,18859,1992,2,218.9,7796.0,12934.5,-0.2287605145965626,
USGS,9114500,60,18859,1992,3,219.6,7807.3,12950.9,-0.22456516076366975,
USGS,9114500,60,18859,1992,4,585.8,7908.099999999999,13270.1,-0.1873022632810785,
USGS,9114500,60,18859,1992,5,1222.0,7514.099999999999,14016.699999999999,-0.33463228845545057,
USGS,9114500,60,18859,1992,6,1124.0,6608.099999999999,13730.7,-0.6920740806608253,
USGS,9114500,60,18859,1992,7,736.5,6291.599999999999,13799.0,-0.8238473600437295,
USGS,9114500,60,18859,1992,8,605.5,6215.099999999999,13883.3,-0.8562906406517933,
USGS,9114500,60,18859,1992,9,423.8,6242.2,13988.800000000001,-0.8447704686715124,
USGS,9114500,60,18859,1992,10,347.6,6304.2,14044.3,-0.8185264486279218,
USGS,9114500,60,18859,1992,11,305.8,6287.5,14037.800000000001,-0.825580143204814,
USGS,9114500,60,18859,1992,12,258.6,6289.9,14059.7,-0.8245657490522195,
USGS,9114500,60,18859,1993,1,224.7,6272.799999999999,14066.4,-0.8317983708345227,
USGS,9114500,60,18859,1993,2,227.9,6281.8,14077.8,-0.8279902586504582,
USGS,9114500,60,18859,1993,3,257.9,6320.099999999999,14127.400000000001,-0.8118210441363188,
USGS,9114500,60,18859,1993,4,591.3,6325.6,14233.7,-0.809503916192143,
USGS,9114500,60,18859,1993,5,2771.0,7874.6,15388.7,-0.19965427902630448,
USGS,9114500,60,18859,1993,6,3281.0,10031.6,16639.7,0.5389509147393675,Near normal
USGS,9114500,60,18859,1993,7,1828.0,11123.1,17414.7,0.8761583205825132,Near normal
USGS,9114500,60,18859,1993,8,981.8,11499.4,17714.5,0.9877382374906991,Near normal
USGS,9114500,60,18859,1993,9,606.5,11682.099999999999,17924.3,1.0411150770668138,Moderately wet
USGS,9114500,60,18859,1993,10,487.8,11822.300000000001,18126.5,1.0817333369393305,Moderately wet
USGS,9114500,60,18859,1993,11,322.1,11838.6,18126.100000000002,1.08643674575115,Moderately wet
USGS,9114500,60,18859,1993,12,259.3,11839.3,18129.2,1.0866386447679306,Moderately wet
USGS,9114500,60,18859,1994,1,210.6,11825.2,18098.0,1.0825704268443594,Moderately wet
USGS,9114500,60,18859,1994,2,199.0,11796.300000000001,18078.1,1.0742228306765278,Moderately wet
USGS,9114500,60,18859,1994,3,259.6,11798.0,18118.100000000002,1.0747142084188785,Moderately wet
USGS,9114500,60,18859,1994,4,589.9,11796.6,18122.199999999997,1.0743095475123445,Moderately wet
USGS,9114500,60,18859,1994,5,1631.0,10656.6,18531.199999999997,0.7346092200891462,Near normal
USGS,9114500,60,18859,1994,6,1723.0,9098.6,19130.199999999997,0.23261039028219715,Near normal
USGS,9114500,60,18859,1994,7,656.5,7927.1,19050.199999999997,-0.18031068009087767,
USGS,9114500,60,18859,1994,8,479.3,7424.599999999999,18924.0,-0.3687452496773704,
USGS,9114500,60,18859,1994,9,363.5,7181.599999999999,18863.7,-0.46263330749906906,
USGS,9114500,60,18859,1994,10,410.9,7104.7,18927.0,-0.4927429115258035,
USGS,9114500,60,18859,1994,11,258.3,7040.9,18879.5,-0.5178725228281021,
USGS,9114500,60,18859,1994,12,203.3,6984.9,18824.2,-0.5400430040937285,
USGS,9114500,60,18859,1995,1,198.6,6972.9,18798.1,-0.544807718216284,
USGS,9114500,60,18859,1995,2,223.4,6997.299999999999,18793.600000000002,-0.5351246355741722,
USGS,9114500,60,18859,1995,3,307.8,7045.5,18843.5,-0.5160560979629069,
USGS,9114500,60,18859,1995,4,538.9,6994.5,18791.1,-0.5362347763966142,
USGS,9114500,60,18859,1995,5,1887.0,7250.5,17907.1,-0.43582048488678754,
USGS,9114500,60,18859,1995,6,4592.0,10119.5,19218.1,0.5669063727667084,Near normal
USGS,9114500,60,18859,1995,7,4330.0,13793.0,21720.1,1.6242307383202066,Very wet
USGS,9114500,60,18859,1995,8,1491.0,14804.7,22229.300000000003,1.8845921614178134,Very wet
USGS,9114500,60,18859,1995,9,833.4,15274.6,22456.2,2.0018698432443967,Extremely wet
USGS,9114500,60,18859,1995,10,579.3,15443.000000000002,22547.7,2.043368652820547,Extremely wet
USGS,9114500,60,18859,1995,11,364.5,15549.2,22590.1,2.0693993645626727,Extremely wet
USGS,9114500,60,18859,1995,12,294.2,15640.1,22625.0,2.0915948810779574,Extremely wet
USGS,9114500,60,18859,1996,1,308.6,15750.1,22723.0,2.118350403023952,Extremely wet
USGS,9114500,60,18859,1996,2,281.6,15808.300000000001,22805.600000000002,2.1324609631191387,Extremely wet
USGS,9114500,60,18859,1996,3,273.4,15773.9,22819.399999999998,2.1241244922487206,Extremely wet
USGS,9114500,60,18859,1996,4,889.3,16124.3,23118.800000000003,2.208533910243309,Extremely wet
USGS,9114500,60,18859,1996,5,2802.0,17039.3,24289.800000000003,2.423871037553635,Extremely wet
USGS,9114500,60,18859,1996,6,2450.0,14897.3,25016.800000000003,1.9078791037778224,Very wet
USGS,9114500,60,18859,1996,7,1110.0,11677.3,25470.300000000003,1.0397192232914323,Moderately wet
USGS,9114500,60,18859,1996,8,749.4,10935.7,25740.399999999998,0.819736526193015,Near normal
USGS,9114500,60,18859,1996,9,599.3,10701.6,25976.2,0.7484251121677549,Near normal
USGS,9114500,60,18859,1996,10,453.4,10575.699999999999,26018.7,0.7096821310202508,Near normal
USGS,9114500,60,18859,1996,11,347.6,10558.8,26108.000000000004,0.7044602881420137,Near normal
USGS,9114500,60,18859,1996,12,284.4,10549.0,26189.1,0.7014299169479803,Near normal
USGS,9114500,60,18859,1997,1,269.8,10510.2,26260.3,0.6894153436601151,Near normal
USGS,9114500,60,18859,1997,2,263.2,10491.8,26300.1,0.6837083149627867,Near normal
USGS,9114500,60,18859,1997,3,331.9,10550.3,26324.2,0.7018320030766546,Near normal
USGS,9114500,60,18859,1997,4,863.1,10524.1,26648.4,0.6937226183914115,Near normal
USGS,9114500,60,18859,1997,5,2906.0,10628.1,27667.4,0.7258408613164913,Near normal
USGS,9114500,60,18859,1997,6,3929.0,12107.1,27004.4,1.163355302085965,Moderately wet
USGS,9114500,60,18859,1997,7,1578.0,12575.1,24252.4,1.2949937218640695,Moderately wet
USGS,9114500,60,18859,1997,8,970.8,12796.5,23732.2,1.356236104383911,Moderately wet
USGS,9114500,60,18859,1997,9,700.3,12897.5,23599.1,1.3839611824495874,Moderately wet
USGS,9114500,60,18859,1997,10,541.6,12985.699999999999,23561.4,1.408065326187818,Moderately wet
USGS,9114500,60,18859,1997,11,323.3,12961.4,23520.2,1.401434300635525,Moderately wet
USGS,9114500,60,18859,1997,12,284.5,12961.5,23510.5,1.4014616042132508,Moderately wet
USGS,9114500,60,18859,1998,1,208.9,12900.6,23410.800000000003,1.384810068538137,Moderately wet
USGS,9114500,60,18859,1998,2,213.9,12851.3,23343.1,1.3712953830458003,Moderately wet
USGS,9114500,60,18859,1998,3,269.8,12789.2,23339.500000000004,1.3542270889475398,Moderately wet
USGS,9114500,60,18859,1998,4,529.0,12455.099999999999,22979.199999999997,1.2615270002334107,Moderately wet
USGS,9114500,60,18859,1998,5,1473.0,11022.099999999999,21650.199999999997,0.8458217593381496,Near normal
USGS,9114500,60,18859,1998,6,1525.0,8618.099999999999,20725.199999999997,0.0673813408993698,Near normal
USGS,9114500,60,18859,1998,7,1026.0,8066.099999999999,20641.199999999997,-0.12946690801659655,
USGS,9114500,60,18859,1998,8,627.7,7723.0,20519.5,-0.25595210292490067,
USGS,9114500,60,18859,1998,9,399.1,7421.8,20319.3,-0.3698164593953207,
USGS,9114500,60,18859,1998,10,362.4,7242.599999999999,20228.3,-0.438887004499896,
USGS,9114500,60,18859,1998,11,319.7,7239.0,20200.399999999998,-0.440285074003334,
USGS,9114500,60,18859,1998,12,257.1,7211.6,20173.100000000002,-0.45093968349987334,
USGS,9114500,60,18859,1999,1,245.1,7247.8,20148.4,-0.4368683094439346,
USGS,9114500,60,18859,1999,2,238.7,7272.6,20123.9,-0.42725266769686926,
USGS,9114500,60,18859,1999,3,290.5,7293.3,20082.5,-0.4192418203071144,
USGS,9114500,60,18859,1999,4,451.5,7215.8,19670.9,-0.4493049151018442,
USGS,9114500,60,18859,1999,5,1307.0,7049.8,18071.9,-0.5143587807154731,
USGS,9114500,60,18859,1999,6,2173.0,7697.8,16315.900000000001,-0.2653747871643325,
USGS,9114500,60,18859,1999,7,1173.0,7844.8,15910.900000000001,-0.21066873459232932,
USGS,9114500,60,18859,1999,8,791.1,8008.200000000001,15731.199999999999,-0.15058089665116192,
USGS,9114500,60,18859,1999,9,677.4,8286.5,15708.3,-0.049922299314011126,
USGS,9114500,60,18859,1999,10,463.9,8388.0,15630.6,-0.01371985726892786,
USGS,9114500,60,18859,1999,11,290.6,8358.900000000001,15597.900000000001,-0.024071870594225928,
USGS,9114500,60,18859,1999,12,269.5,8371.3,15582.900000000001,-0.019658043374502738,
USGS,9114500,60,18859,2000,1,250.7,8376.9,15624.7,-0.017665997774251065,
USGS,9114500,60,18859,2000,2,259.5,8397.7,15670.3,-0.010274012625775177,
USGS,9114500,60,18859,2000,3,259.4,8366.6,15659.9,-0.021330560768638176,
USGS,9114500,60,18859,2000,4,661.0,8576.1,15791.9,0.05267657816734703,Near normal
USGS,9114500,60,18859,2000,5,1606.0,8875.1,15924.9,0.1564298209487034,Near normal
USGS,9114500,60,18859,2000,6,1288.0,7990.1,15687.9,-0.15720020743738966,
USGS,9114500,60,18859,2000,7,717.4,7534.5,15379.3,-0.32689114890374804,
USGS,9114500,60,18859,2000,8,466.2,7209.599999999999,15217.8,-0.45171834614748535,
USGS,9114500,60,18859,2000,9,335.4,6867.599999999999,15154.1,-0.5868311829124421,
USGS,9114500,60,18859,2000,10,265.8,6669.5,15057.5,-0.6669516523344476,
USGS,9114500,60,18859,2000,11,256.3,6635.2,14994.1,-0.6809686461029363,
USGS,9114500,60,18859,2000,12,221.1,6586.8,14958.1,-0.7008219025549587,
USGS,9114500,60,18859,2001,1,194.9,6531.0,14907.9,-0.7238194997788443,
USGS,9114500,60,18859,2001,2,192.9,6464.4,14862.1,-0.7514230364846677,
USGS,9114500,60,18859,2001,3,219.5,6424.499999999999,14791.1,-0.7680420283939918,
USGS,9114500,60,18859,2001,4,412.8,6176.3,14752.400000000001,-0.8728369006508206,
USGS,9114500,60,18859,2001,5,1424.0,5994.299999999999,14869.400000000001,-0.9512921998295962,
USGS,9114500,60,18859,2001,6,1301.0,6007.299999999999,13997.400000000001,-0.9456414370199668,
USGS,9114500,60,18859,2001,7,707.9,5997.8,13532.300000000001,-0.9497701213383315,
USGS,9114500,60,18859,2001,8,564.5,6096.1,13305.7,-0.9072363034605935,
USGS,9114500,60,18859,2001,9,322.1,6082.8,12950.4,-0.9129670441411649,
USGS,9114500,60,18859,2001,10,275.8,6092.8,12762.3,-0.9086575190305135,
USGS,9114500,60,18859,2001,11,265.0,6101.5,12736.7,-0.9049116694472166,
USGS,9114500,60,18859,2001,12,188.2,6068.599999999999,12655.400000000001,-0.9190938503269892,
USGS,9114500,60,18859,2002,1,157.8,6031.5,12562.5,-0.9351417429713832,
USGS,9114500,60,18859,2002,2,164.9,6003.5,12467.9,-0.9472924425609155,
USGS,9114500,60,18859,2002,3,212.5,5996.5,12421.0,-0.9503354028524247,
USGS,9114500,60,18859,2002,4,414.1,5997.8,12174.1,-0.9497701213383315,
USGS,9114500,60,18859,2002,5,430.9,5004.700000000001,10999.0,-1.4049400446201712,
USGS,9114500,60,18859,2002,6,471.1,4174.8,10182.1,-1.8281834806438892,
USGS,9114500,60,18859,2002,7,392.4,3859.3,9857.1,-2.0018799756455885,Extreme drought
USGS,9114500,60,18859,2002,8,260.9,3555.7000000000003,9651.8,-2.1769068692425133,Extreme drought
USGS,9114500,60,18859,2002,9,170.2,3403.8,9486.6,-2.267680585629181,Extreme drought
USGS,9114500,60,18859,2002,10,231.8,3359.8,9452.599999999999,-2.2944009858857557,Extreme drought
USGS,9114500,60,18859,2002,11,215.9,3310.7000000000003,9412.2,-2.3244525178007955,Extreme drought
USGS,9114500,60,18859,2002,12,186.3,3308.7999999999997,9377.4,-2.3256204350647445,Extreme drought
USGS,9114500,60,18859,2003,1,182.1,3333.1,9364.6,-2.3107117332289095,Extreme drought
USGS,9114500,60,18859,2003,2,171.3,3339.5,9343.0,-2.3067953514682027,Extreme drought
USGS,9114500,60,18859,2003,3,187.2,3314.2,9310.7,-2.322302078117257,Extreme drought
USGS,9114500,60,18859,2003,4,296.9,3197.0,9194.8,-2.395018165191208,Extreme drought
USGS,9114500,60,18859,2003,5,1252.0,4018.1,9022.8,-1.913469334401618,
USGS,9114500,60,18859,2003,6,1552.0,5099.0,9273.8,-1.3595379629606854,
USGS,9114500,60,18859,2003,7,601.0,5307.6,9166.900000000001,-1.260837536151318,
USGS,9114500,60,18859,2003,8,460.3,5507.0,9062.7,-1.168615980366569,
USGS,9114500,60,18859,2003,9,299.6,5636.4,9040.2,-1.1098258549084892,
USGS,9114500,60,18859,2003,10,201.6,5606.2,8966.0,-1.1234742029497626,
USGS,9114500,60,18859,2003,11,184.6,5574.900000000001,8885.599999999999,-1.1376658928692047,
USGS,9114500,60,18859,2003,12,183.0,5571.6,8880.4,-1.1391648989163006,
USGS,9114500,60,18859,2004,1,180.9,5570.4,8903.5,-1.1397101228676842,
USGS,9114500,60,18859,2004,2,174.9,5574.0,8913.5,-1.1380746603801124,
USGS,9114500,60,18859,2004,3,275.8,5662.599999999999,8976.8,-1.098020431890611,
USGS,9114500,60,18859,2004,4,474.9,5840.6,9037.599999999999,-1.0186634401514607,
USGS,9114500,60,18859,2004,5,1084.0,5672.6,9690.699999999999,-1.0935231160966072,
USGS,9114500,60,18859,2004,6,1051.0,5171.6,10270.599999999999,-1.3249204183888859,
USGS,9114500,60,18859,2004,7,639.0,5209.6,10517.199999999999,-1.3069155128296166,
USGS,9114500,60,18859,2004,8,454.5,5203.799999999999,10710.8,-1.3096585951563657,
USGS,9114500,60,18859,2004,9,347.7,5251.900000000001,10888.3,-1.286964355417569,
USGS,9114500,60,18859,2004,10,288.5,5338.8,10945.0,-1.2462736844790103,
USGS,9114500,60,18859,2004,11,229.4,5383.599999999999,10958.5,-1.2254494371083942,
USGS,9114500,60,18859,2004,12,208.9,5409.5,10981.099999999999,-1.2134572654065992,
USGS,9114500,60,18859,2005,1,204.8,5433.4,11003.800000000001,-1.2024213098009833,
USGS,9114500,60,18859,2005,2,201.7,5460.200000000001,11034.199999999999,-1.1900804702974157,
USGS,9114500,60,18859,2005,3,222.4,5406.8,11069.4,-1.2147058222902782,
USGS,9114500,60,18859,2005,4,489.7,5421.599999999999,11262.199999999999,-1.2078664167937252,
USGS,9114500,60,18859,2005,5,1606.0,5943.6,11616.2,-0.9734003640980136,
USGS,9114500,60,18859,2005,6,2039.0,6931.6,12103.2,-0.5612440714145016,
USGS,9114500,60,18859,2005,7,1227.0,7519.6,12729.2,-0.33254397002365643,
USGS,9114500,60,18859,2005,8,694.5,7759.6,12963.4,-0.24229976087167857,
USGS,9114500,60,18859,2005,9,446.6,7858.5,13110.4,-0.2056019104455302,
USGS,9114500,60,18859,2005,10,348.0,7918.0,13256.8,-0.18365801629506745,
USGS,9114500,60,18859,2005,11,260.9,7949.5,13333.1,-0.17208095726908176,
USGS,9114500,60,18859,2005,12,210.6,7951.200000000001,13360.7,-0.17145695215363663,
USGS,9114500,60,18859,2006,1,195.9,7942.3,13375.699999999999,-0.1747246963100622,
USGS,9114500,60,18859,2006,2,186.7,7927.3,13387.5,-0.18023713832893348,
USGS,9114500,60,18859,2006,3,248.5,7953.4,13360.2,-0.17064953571560118,
USGS,9114500,60,18859,2006,4,842.3,8306.0,13727.6,-0.042946430582601135,
USGS,9114500,60,18859,2006,5,1840.0,8540.0,14483.6,0.04000263299312188,Near normal
USGS,9114500,60,18859,2006,6,1537.0,8038.0,14969.6,-0.13970246357088975,
USGS,9114500,60,18859,2006,7,884.6,7695.6,15215.2,-0.26619828535357853,
USGS,9114500,60,18859,2006,8,637.7,7638.8,15398.4,-0.287508878255277,
USGS,9114500,60,18859,2006,9,473.1,7665.299999999999,15523.8,-0.27755458148258133,
USGS,9114500,60,18859,2006,10,451.2,7768.5,15686.5,-0.23898580617486812,
USGS,9114500,60,18859,2006,11,327.6,7835.2,15784.7,-0.21422239393531173,
USGS,9114500,60,18859,2006,12,251.5,7876.099999999999,15827.300000000001,-0.19910052589893484,
USGS,9114500,60,18859,2007,1,242.6,7922.8,15865.099999999999,-0.18189209906419967,
USGS,9114500,60,18859,2007,2,242.8,7978.900000000001,15906.2,-0.1613006716393912,
USGS,9114500,60,18859,2007,3,364.6,8095.0,16048.400000000001,-0.1189623950070768,
USGS,9114500,60,18859,2007,4,557.0,7809.7,16115.7,-0.22367458416295471,
USGS,9114500,60,18859,2007,5,1239.0,7208.700000000001,15748.7,-0.4520687867744282,
USGS,9114500,60,18859,2007,6,1310.0,6981.700000000001,15019.7,-0.541313112837134,
USGS,9114500,60,18859,2007,7,751.2,6848.3,14543.9,-0.5945754065967256,
USGS,9114500,60,18859,2007,8,579.7,6790.3,14429.1,-0.6179274394576932,
USGS,9114500,60,18859,2007,9,419.1,6736.300000000001,14401.6,-0.6397769523471586,
USGS,9114500,60,18859,2007,10,346.4,6631.5,14400.0,-0.6824832797256929,
USGS,9114500,60,18859,2007,11,265.4,6569.3,14404.5,-0.7080217890498586,
USGS,9114500,60,18859,2007,12,260.6,6578.400000000001,14454.5,-0.7042764139952393,
USGS,9114500,60,18859,2008,1,234.8,6570.6,14493.4,-0.7074865449929807,
USGS,9114500,60,18859,2008,2,222.8,6550.6,14529.5,-0.715728109878679,
USGS,9114500,60,18859,2008,3,263.7,6449.700000000001,14544.699999999999,-0.7575386510146264,
USGS,9114500,60,18859,2008,4,803.4,6696.1,14505.800000000001,-0.6561110951996839,
USGS,9114500,60,18859,2008,5,2551.0,8008.1,15216.8,-0.15061744259029566,
USGS,9114500,60,18859,2008,6,3600.0,10298.1,17279.8,0.6232579098454509,Near normal
USGS,9114500,60,18859,2008,7,1839.0,11385.9,18234.2,0.9543194334084069,Near normal
USGS,9114500,60,18859,2008,8,843.6,11649.800000000001,18440.100000000002,1.0317154368355057,Moderately wet
USGS,9114500,60,18859,2008,9,406.1,11636.800000000001,18373.1,1.0279278445647397,Moderately wet
USGS,9114500,60,18859,2008,10,291.8,11582.2,18213.7,1.0119919037816716,Moderately wet
USGS,9114500,60,18859,2008,11,275.0,11591.8,18161.1,1.014797119688086,Moderately wet
USGS,9114500,60,18859,2008,12,269.9,11601.1,18179.5,1.0175133308464497,Moderately wet
USGS,9114500,60,18859,2009,1,258.7,11625.0,18195.600000000002,1.0244876563801497,Moderately wet
USGS,9114500,60,18859,2009,2,239.2,11641.4,18192.0,1.029268362403118,Moderately wet
USGS,9114500,60,18859,2009,3,257.0,11634.699999999999,18084.399999999998,1.0273157623085303,Moderately wet
USGS,9114500,60,18859,2009,4,775.1,11606.4,18302.5,1.0190606891184395,Moderately wet
USGS,9114500,60,18859,2009,5,2667.0,11722.4,19730.5,1.0528207535995737,Moderately wet
USGS,9114500,60,18859,2009,6,2183.0,10305.4,20603.5,0.6255485483092985,Near normal
USGS,9114500,60,18859,2009,7,1045.0,9511.4,20897.3,0.3703890479258293,Near normal
USGS,9114500,60,18859,2009,8,518.3,9186.1,20835.899999999998,0.2621262218602638,Near normal
USGS,9114500,60,18859,2009,9,382.4,9162.4,20799.2,0.2541485182909483,Near normal
USGS,9114500,60,18859,2009,10,351.8,9222.4,20804.600000000002,0.27432110976579677,Near normal
USGS,9114500,60,18859,2009,11,307.0,9254.4,20846.2,0.28504734177961283,Near normal
USGS,9114500,60,18859,2009,12,242.1,9226.6,20827.699999999997,0.2757302112548606,Near normal
USGS,9114500,60,18859,2010,1,228.2,9196.1,20821.1,0.26548860277565745,Near normal
USGS,9114500,60,18859,2010,2,233.3,9190.2,20831.6,0.2635050659719741,Near normal
USGS,9114500,60,18859,2010,3,234.7,9167.900000000001,20802.6,0.25600099643825475,Near normal
USGS,9114500,60,18859,2010,4,716.5,9109.300000000001,20715.7,0.2362289516537154,Near normal
USGS,9114500,60,18859,2010,5,951.6,7393.900000000001,19116.3,-0.3805036303847991,
USGS,9114500,60,18859,2010,6,1966.0,7176.9,17482.300000000003,-0.4644679717755231,
USGS,9114500,60,18859,2010,7,675.0,6806.9,16318.300000000001,-0.6112317246095048,
USGS,9114500,60,18859,2010,8,614.3,6902.900000000001,16089.0,-0.5727006505291862,
USGS,9114500,60,18859,2010,9,330.7,6851.2,16013.6,-0.5934109301163442,
USGS,9114500,60,18859,2010,10,243.1,6742.500000000001,15964.9,-0.6372629711229386,
USGS,9114500,60,18859,2010,11,291.5,6727.0,15981.4,-0.6435505310392237,
USGS,9114500,60,18859,2010,12,273.7,6758.6,15985.199999999999,-0.630741206589013,
USGS,9114500,60,18859,2011,1,224.9,6755.3,15951.400000000001,-0.6320772048678249,
USGS,9114500,60,18859,2011,2,212.2,6734.2,15924.4,-0.6406287771514909,
USGS,9114500,60,18859,2011,3,256.9,6756.400000000001,15924.3,-0.6316318285609297,
USGS,9114500,60,18859,2011,4,548.1,6588.0,15697.3,-0.7003286167272725,
USGS,9114500,60,18859,2011,5,1732.0,7368.4,14762.3,-0.3902927531891755,
USGS,9114500,60,18859,2011,6,3631.0,9033.4,16210.3,0.21050495969932365,Near normal
USGS,9114500,60,18859,2011,7,2340.0,10698.4,17505.3,0.7474438127625073,Near normal
USGS,9114500,60,18859,2011,8,864.9,10949.0,17851.9,0.8237600734332211,Near normal
USGS,9114500,60,18859,2011,9,537.8,11156.1,18007.3,0.8860340708537213,Near normal
USGS,9114500,60,18859,2011,10,377.9,11290.9,18033.399999999998,0.9261922465693974,Near normal
USGS,9114500,60,18859,2011,11,305.4,11304.8,18031.8,0.9303166296210663,Near normal
USGS,9114500,60,18859,2011,12,208.8,11239.9,17998.5,0.9110332113805751,Near normal
USGS,9114500,60,18859,2012,1,183.3,11198.3,17953.6,0.8986373049713283,Near normal
USGS,9114500,60,18859,2012,2,187.1,11173.2,17907.4,0.8911445436442553,Near normal
USGS,9114500,60,18859,2012,3,267.5,11183.800000000001,17940.2,0.8943100601224729,Near normal
USGS,9114500,60,18859,2012,4,403.6,11039.3,17627.3,0.8509998504479538,Near normal
USGS,9114500,60,18859,2012,5,441.9,9749.2,17117.600000000002,0.44811953334633176,Near normal
USGS,9114500,60,18859,2012,6,449.7,6567.9,15601.3,-0.7085982767917526,
USGS,9114500,60,18859,2012,7,327.3,4555.2,15253.6,-1.6285942991982392,
USGS,9114500,60,18859,2012,8,340.0,4030.2999999999997,14979.300000000001,-1.9067610480349853,
USGS,9114500,60,18859,2012,9,141.1,3633.6,14789.699999999999,-2.131208038806737,Extreme drought
USGS,9114500,60,18859,2012,10,197.3,3453.0,14743.9,-2.238032416358854,Extreme drought
USGS,9114500,60,18859,2012,11,182.6,3330.2,14635.0,-2.3124877382014195,Extreme drought
USGS,9114500,60,18859,2012,12,165.6,3287.0,14526.9,-2.339047830952644,Extreme drought
USGS,9114500,60,18859,2013,1,147.5,3251.2,14449.499999999998,-2.3612073392681308,Extreme drought
USGS,9114500,60,18859,2013,2,132.0,3196.1,14369.3,-2.3955822991413616,Extreme drought
USGS,9114500,60,18859,2013,3,140.7,3069.3,14253.1,-2.47596794774655,Extreme drought
USGS,9114500,60,18859,2013,4,234.6,2900.2999999999997,13939.6,-2.5860303340241435,Extreme drought
USGS,9114500,60,18859,2013,5,910.9,3369.3,13118.5,-2.2886151695137875,Extreme drought
USGS,9114500,60,18859,2013,6,1172.0,4091.6,10659.5,-1.873230928112574,
USGS,9114500,60,18859,2013,7,480.5,4244.8,8800.0,-1.7906844284245995,
USGS,9114500,60,18859,2013,8,500.1,4404.900000000001,8435.2,-1.706248588771524,
USGS,9114500,60,18859,2013,9,507.8,4771.599999999999,8405.2,-1.5193776815316058,
USGS,9114500,60,18859,2013,10,361.8,4936.099999999999,8389.1,-1.4382864499730799,
USGS,9114500,60,18859,2013,11,300.0,5053.5,8383.7,-1.3813821522608758,
USGS,9114500,60,18859,2013,12,221.5,5109.4,8396.4,-1.354561183259356,
USGS,9114500,60,18859,2014,1,170.1,5132.0,8383.2,-1.3437668514312153,
USGS,9114500,60,18859,2014,2,159.9,5159.9,8356.0,-1.3304797775556159,
USGS,9114500,60,18859,2014,3,210.0,5229.2,8298.5,-1.2976591326629046,
USGS,9114500,60,18859,2014,4,1065.0,6059.6,8959.9,-0.9229814735320765,
USGS,9114500,60,18859,2014,5,2069.0,7217.7,10587.0,-0.44856556524941404,
USGS,9114500,60,18859,2014,6,2881.0,8926.7,13018.3,0.17412000986148352,Near normal
USGS,9114500,60,18859,2014,7,1187.0,9633.2,13878.0,0.4103474583085028,Near normal
USGS,9114500,60,18859,2014,8,689.5,9822.599999999999,14227.5,0.47187966583693397,Near normal
USGS,9114500,60,18859,2014,9,514.4,9829.2,14600.8,0.47401085720809893,Near normal
USGS,9114500,60,18859,2014,10,421.6,9889.0,14825.1,0.49328134843757726,Near normal
USGS,9114500,60,18859,2014,11,332.0,9921.0,14974.5,0.5035643271526249,Near normal
USGS,9114500,60,18859,2014,12,283.0,9982.5,15091.9,0.523270646974113,Near normal
USGS,9114500,60,18859,2015,1,254.4,10066.800000000001,15198.8,0.5501635677595094,Near normal
USGS,9114500,60,18859,2015,2,228.0,10134.9,15294.8,0.5717889779444968,Near normal
USGS,9114500,60,18859,2015,3,351.4,10276.3,15505.5,0.6164115108002255,Near normal
USGS,9114500,60,18859,2015,4,556.4,9767.699999999999,15827.300000000001,0.4541183098947832,Near normal
USGS,9114500,60,18859,2015,5,908.8,8607.5,15825.2,0.06367423611001401,Near normal
USGS,9114500,60,18859,2015,6,2926.0,8652.5,17579.2,0.07939297860223499,Near normal
USGS,9114500,60,18859,2015,7,1161.0,8626.5,18259.7,0.07031708799923352,Near normal
USGS,9114500,60,18859,2015,8,723.6,8660.6,18483.199999999997,0.08221709613300941,Near normal
USGS,9114500,60,18859,2015,9,563.2,8709.4,18538.6,0.09919781074440956,Near normal
USGS,9114500,60,18859,2015,10,322.0,8609.8,18498.8,0.06447884241335822,Near normal
USGS,9114500,60,18859,2015,11,283.7,8561.5,18482.5,0.047554721252875534,Near normal
USGS,9114500,60,18859,2015,12,248.2,8526.7,18509.2,0.035325117210177504,Near normal
USGS,9114500,60,18859,2016,1,211.2,8483.5,18550.300000000003,0.020101466415181953,Near normal
USGS,9114500,60,18859,2016,2,207.0,8462.5,18597.4,0.01268414290044309,Near normal
USGS,9114500,60,18859,2016,3,254.8,8365.9,18642.2,-0.021579707703718684,
USGS,9114500,60,18859,2016,4,511.0,8320.5,18088.2,-0.037765661769388684,
USGS,9114500,60,18859,2016,5,1045.0,8456.7,17064.2,0.010633587428693822,Near normal
USGS,9114500,60,18859,2016,6,2148.0,7678.7,16331.2,-0.2725289908032934,
USGS,9114500,60,18859,2016,7,823.4,7341.099999999999,15967.6,-0.40079552653136824,
USGS,9114500,60,18859,2016,8,561.6,7179.099999999999,15839.7,-0.46360910272788847,
USGS,9114500,60,18859,2016,9,449.8,7065.7,15775.1,-0.5080880584402192,
USGS,9114500,60,18859,2016,10,262.6,7006.299999999999,15616.1,-0.5315581344690523,
USGS,9114500,60,18859,2016,11,240.2,6962.8,15524.3,-0.5488218427687507,
USGS,9114500,60,18859,2016,12,235.9,6950.5,15477.2,-0.5537150627847666,
USGS,9114500,60,18859,2017,1,221.5,6960.8,15444.300000000001,-0.5496171342012179,
USGS,9114500,60,18859,2017,2,219.2,6973.0,15435.5,-0.5447679918965623,
USGS,9114500,60,18859,2017,3,402.6,7120.8,15486.7,-0.4864229044481693,
USGS,9114500,60,18859,2017,4,1166.0,7775.8,16096.3,-0.23626932881406976,
USGS,9114500,60,18859,2017,5,2041.0,8771.8,17228.5,0.12082719576578405,Near normal
USGS,9114500,60,18859,2017,6,3644.0,10267.8,17946.5,0.6137396586247192,Near normal
USGS,9114500,60,18859,2017,7,1354.0,10798.400000000001,18139.5,0.778025774822669,Near normal
USGS,9114500,60,18859,2017,8,914.9,11151.7,18330.800000000003,0.8847183277576857,Near normal
USGS,9114500,60,18859,2017,9,468.7,11170.6,18236.3,0.8903678183361808,Near normal
USGS,9114500,60,18859,2017,10,330.7,11238.7,18245.0,0.9106760268750151,Near normal
USGS,9114500,60,18859,2017,11,288.1,11286.6,18249.4,0.9249157353083287,Near normal
USGS,9114500,60,18859,2017,12,266.6,11317.3,18267.8,0.9340229840912747,Near normal
USGS,9114500,60,18859,2018,1,236.9,11332.7,18293.5,0.9385858043005243,Near normal
USGS,9114500,60,18859,2018,2,218.6,11332.099999999999,18305.1,0.9384081024385486,Near normal
USGS,9114500,60,18859,2018,3,222.3,11151.800000000001,18272.6,0.8847482345027395,Near normal
USGS,9114500,60,18859,2018,4,380.3,10366.099999999999,18141.899999999998,0.6445573982756111,Near normal
USGS,9114500,60,18859,2018,5,898.9,9224.0,17995.8,0.2748579561438205,Near normal
USGS,9114500,60,18859,2018,6,723.3,6303.3,16571.1,-0.8189063024680151,
USGS,9114500,60,18859,2018,7,338.2,5287.5,16085.9,-1.270246897158581,
USGS,9114500,60,18859,2018,8,341.4,4714.0,15865.699999999999,-1.5481596926168026,
USGS,9114500,60,18859,2018,9,203.9,4449.2,15619.8,-1.6832018050808892,
USGS,9114500,60,18859,2018,10,208.5,4327.0,15565.699999999999,-1.7471054766567757,
USGS,9114500,60,18859,2018,11,209.2,4248.099999999999,15534.7,-1.788925506122044,
USGS,9114500,60,18859,2018,12,192.5,4174.0,15491.3,-1.8286141409874772,
USGS,9114500,60,18859,2019,1,188.8,4125.9,15458.599999999999,-1.8545960144587408,
USGS,9114500,60,18859,2019,2,185.7,4093.0,15425.1,-1.8724685538851396,
USGS,9114500,60,18859,2019,3,174.8,4045.4999999999995,15197.3,-1.8984195675053657,
USGS,9114500,60,18859,2019,4,796.0,4461.2,14827.3,-1.6769819489127893,
USGS,9114500,60,18859,2019,5,1748.0,5310.3,14534.3,-1.2595752012525683,
USGS,9114500,60,18859,2019,6,3817.0,8404.0,14707.3,-0.008037278813877611,
USGS,9114500,60,18859,2019,7,2362.0,10427.8,15715.3,0.6638104083730626,Near normal
USGS,9114500,60,18859,2019,8,985.6,11072.0,15786.0,0.8608307794168676,Near normal
USGS,9114500,60,18859,2019,9,527.7,11395.800000000001,15845.0,0.957242389614493,Near normal
USGS,9114500,60,18859,2019,10,319.2,11506.500000000002,15833.500000000002,0.9898220987424556,Near normal
USGS,9114500,60,18859,2019,11,304.7,11602.0,15850.1,1.017776119979028,Moderately wet
USGS,9114500,60,18859,2019,12,273.8,11683.300000000001,15857.300000000001,1.041463986224416,Moderately wet
USGS,9114500,60,18859,2020,1,265.5,11760.000000000002,15885.900000000001,1.0637202177966691,Moderately wet
USGS,9114500,60,18859,2020,2,239.3,11813.6,15906.6,1.079221320746008,Moderately wet
USGS,9114500,60,18859,2020,3,239.2,11878.000000000002,15923.500000000002,1.0977895462173164,Moderately wet
USGS,9114500,60,18859,2020,4,393.6,11475.6,15936.8,0.9807472086229212,Near normal
USGS,9114500,60,18859,2020,5,1141.0,10868.6,16178.9,0.7993919235670361,Near normal
USGS,9114500,60,18859,2020,6,1235.0,8286.6,16690.600000000002,-0.049886500327646584,
USGS,9114500,60,18859,2020,7,478.3,6402.900000000001,16830.7,-0.7770645915547514,
USGS,9114500,60,18859,2020,8,369.4,5786.7,16858.699999999997,-1.0425395134228337,
USGS,9114500,60,18859,2020,9,246.2,5505.2,16901.0,-1.1694395303538436,
USGS,9114500,60,18859,2020,10,203.8,5389.8,16896.3,-1.2225756144629591,
USGS,9114500,60,18859,2020,11,247.0,5332.1,16934.1,-1.2493969173414443,
USGS,9114500,60,18859,2020,12,214.4,5272.7,16956.0,-1.2771887328471045,
USGS,9114500,60,18859,2021,1,195.1,5202.3,16962.3,-1.3103683073184675,
USGS,9114500,60,18859,2021,2,176.9,5139.9,16953.5,-1.3400002379904656,
USGS,9114500,60,18859,2021,3,192.2,5092.900000000001,16970.9,-1.3624598255944393,
USGS,9114500,60,18859,2021,4,322.5,5021.799999999999,16497.4,-1.3966697672587678,
USGS,9114500,60,18859,2021,5,572.4,4453.2,15321.800000000001,-1.681127433085148,
USGS,9114500,60,18859,2021,6,941.1,4159.299999999999,12445.9,-1.8365360564846474,
USGS,9114500,60,18859,2021,7,500.0,4181.0,10583.900000000001,-1.8248474839243651,
USGS,9114500,60,18859,2021,8,479.3,4290.9,10077.6,-1.7661843631168537,
USGS,9114500,60,18859,2021,9,220.7,4265.4,9770.6,-1.7797174499813446,
USGS,9114500,60,18859,2021,10,191.5,4253.1,9642.9,-1.786261983742691,
USGS,9114500,60,18859,2021,11,211.9,4218.0,9550.1,-1.804998508311153,
USGS,9114500,60,18859,2021,12,191.5,4195.099999999999,9467.8,-1.8172714456764267,
USGS,9114500,60,18859,2022,1,190.8,4190.8,9393.099999999999,-1.8195803016351602,
USGS,9114500,60,18859,2022,2,175.9,4189.8,9329.7,-1.8201174417684973,
USGS,9114500,60,18859,2022,3,215.2,4212.8,9305.699999999999,-1.807781977023234,
USGS,9114500,60,18859,2022,4,501.2,4391.5,9413.300000000001,-1.7132464533194143,
USGS,9114500,60,18859,2022,5,1502.0,5321.1,9774.300000000001,-1.254529660519184,
USGS,9114500,60,18859,2022,6,1393.0,5773.0,9932.300000000001,-1.0486293046913846,
USGS,9114500,60,18859,2022,7,602.6,5875.599999999999,10056.6,-1.0032297656971012,
USGS,9114500,60,18859,2022,8,475.0,5871.3,10162.2,-1.0051229436151006,
USGS,9114500,60,18859,2022,9,251.2,5901.8,10167.199999999999,-0.9917124064082086,Moderate drought
USGS,9114500,60,18859,2022,10,245.5,5955.799999999999,10208.9,-0.9680701974885393,
USGS,9114500,60,18859,2022,11,237.3,5981.2,10199.2,-0.9569938368653412,
USGS,9114500,60,18859,2022,12,206.5,5996.2,10191.300000000001,-0.9504658628240022,
USGS,9114500,60,18859,2023,1,177.3,5982.7,10173.5,-0.9563405999302288,
USGS,9114500,60,18859,2023,2,163.2,5970.0,10159.800000000001,-0.9618744336144228,
USGS,9114500,60,18859,2023,3,190.8,5945.6,10158.4,-0.9725261191020362,
USGS,9114500,60,18859,2023,4,603.4,6047.799999999999,10439.3,-0.9280838096467376,
USGS,9114500,60,18859,2023,5,2741.0,7286.799999999999,12607.9,-0.4217558270123744,
USGS,9114500,60,18859,2023,6,2789.0,8682.8,14455.8,0.08994908773285581,Near normal
USGS,9114500,60,18859,2023,7,1291.0,9371.2,15246.8,0.32400860822121136,Near normal
USGS,9114500,60,18859,2023,8,662.7,9558.9,15430.2,0.38600883400615477,Near normal
USGS,9114500,60,18859,2023,9,418.1,9725.8,15627.599999999999,0.44052200523904966,Near normal
USGS,9114500,60,18859,2023,10,278.4,9758.699999999999,15714.5,0.45120084675316646,Near normal
